timestamp,username,source_ip,country,event_type,status,user_role
2026-03-21 16:45:24.031276,user4,219.48.180.86,US,login,success,user
2026-03-21 16:50:24.031276,user9,152.101.183.16,US,login,failed,user
2026-03-21 16:51:24.031276,user16,211.4.136.212,US,login,success,user
2026-03-21 17:00:24.031276,user16,3.57.42.148,US,login,success,user
2026-03-21 17:15:24.031276,user15,101.126.134.27,US,login,failed,user
2026-03-21 17:19:24.031276,user7,213.138.139.222,US,login,success,user
2026-03-21 17:27:24.031276,user1,23.176.59.91,US,login,success,user
2026-03-21 17:33:24.031276,user6,49.140.254.120,US,login,success,user
2026-03-21 17:43:24.031276,user2,74.31.7.97,US,login,success,user
2026-03-21 17:49:24.031276,user19,78.107.34.80,US,login,success,user
2026-03-21 17:58:24.031276,user4,134.101.231.167,US,login,success,user
2026-03-21 18:10:24.031276,user10,85.227.61.183,US,login,success,user
2026-03-21 18:11:24.031276,admin2,37.248.94.101,US,login,success,admin
2026-03-21 18:16:24.031276,user11,70.108.20.174,US,login,success,user
2026-03-21 18:23:24.031276,user13,60.246.207.83,US,login,success,user
2026-03-21 18:33:24.031276,user10,198.117.163.90,US,login,success,user
2026-03-21 18:35:24.031276,user10,130.152.14.149,US,login,success,user
2026-03-21 18:44:24.031276,admin2,83.165.56.206,US,login,success,admin
2026-03-21 18:48:24.031276,user3,87.64.56.229,US,login,success,user
2026-03-21 18:52:24.031276,user19,96.35.218.124,US,login,success,user
2026-03-21 19:05:24.031276,user9,40.145.226.120,US,login,success,user
2026-03-21 19:12:24.031276,admin1,25.120.4.239,US,login,success,admin
2026-03-21 19:21:24.031276,user6,58.56.204.239,US,login,failed,user
2026-03-21 19:24:24.031276,user10,101.132.164.138,US,login,success,user
2026-03-21 19:28:24.031276,user11,61.149.27.9,US,login,success,user
2026-03-21 19:29:24.031276,user19,37.155.182.56,US,login,failed,user
2026-03-21 19:34:24.031276,user14,181.143.242.174,US,login,failed,user
2026-03-21 19:44:24.031276,admin2,186.61.150.244,US,login,success,admin
2026-03-21 19:49:24.031276,admin2,196.132.110.72,US,login,success,admin
2026-03-21 20:03:24.031276,user8,116.74.200.212,US,login,success,user
2026-03-21 20:11:24.031276,user10,137.202.225.208,US,login,success,user
2026-03-21 20:16:24.031276,user6,32.197.176.239,US,login,success,user
2026-03-21 20:27:24.031276,user10,66.117.55.233,US,login,success,user
2026-03-21 20:29:24.031276,user6,139.140.72.169,CA,login,failed,user
2026-03-21 20:39:24.031276,admin2,169.144.209.149,US,login,success,admin
2026-03-21 20:44:24.031276,user11,102.10.254.24,US,login,success,user
2026-03-21 20:56:24.031276,user1,59.20.69.65,US,login,failed,user
2026-03-21 21:04:24.031276,user12,97.25.91.156,US,login,success,user
2026-03-21 21:14:24.031276,user8,27.252.178.90,US,login,success,user
2026-03-21 21:16:24.031276,user13,7.128.127.235,US,login,success,user
2026-03-21 21:29:24.031276,user4,191.3.197.18,US,login,success,user
2026-03-21 21:36:24.031276,user3,107.61.100.209,US,login,success,user
2026-03-21 21:46:24.031276,user1,117.16.242.244,US,login,success,user
2026-03-21 21:51:24.031276,user13,152.127.49.96,US,login,success,user
2026-03-21 21:56:24.031276,user8,113.119.80.226,US,login,success,user
2026-03-21 21:58:24.031276,user3,102.1.92.210,UK,login,success,user
2026-03-21 22:09:24.031276,user8,199.78.13.121,US,login,success,user
2026-03-21 22:17:24.031276,user12,159.124.53.193,US,login,success,user
2026-03-21 22:26:24.031276,user13,52.106.78.232,US,login,success,user
2026-03-21 22:40:24.031276,admin2,173.248.39.204,US,login,success,admin
2026-03-21 22:44:24.031276,user19,216.48.139.110,US,login,success,user
2026-03-21 22:51:24.031276,user14,77.154.42.173,US,login,failed,user
2026-03-21 22:59:24.031276,user3,216.228.43.207,US,login,success,user
2026-03-21 23:00:24.031276,user4,38.178.154.174,US,login,success,user
2026-03-21 23:03:24.031276,user18,95.219.149.107,US,login,success,user
2026-03-21 23:16:24.031276,user8,72.101.206.253,US,login,success,user
2026-03-21 23:24:24.031276,admin1,51.168.142.94,CA,login,success,admin
2026-03-21 23:35:24.031276,user17,15.12.58.15,US,login,success,user
2026-03-21 23:36:24.031276,user16,161.173.20.85,US,login,success,user
2026-03-21 23:39:24.031276,user9,12.71.234.252,US,login,success,user
2026-03-21 23:49:24.031276,user15,185.39.30.89,US,login,success,user
2026-03-21 23:58:24.031276,user9,82.23.51.97,US,login,success,user
2026-03-22 00:04:24.031276,admin1,61.64.115.88,US,login,success,admin
2026-03-22 00:11:24.031276,user1,194.85.75.222,US,login,failed,user
2026-03-22 00:21:24.031276,user14,122.145.158.253,US,login,failed,user
2026-03-22 00:30:24.031276,user9,141.36.82.192,US,login,success,user
2026-03-22 00:38:24.031276,admin1,83.192.91.144,US,login,success,admin
2026-03-22 00:53:24.031276,admin1,143.158.42.43,US,login,success,admin
2026-03-22 01:05:24.031276,user18,26.0.119.112,DE,login,success,user
2026-03-22 01:14:24.031276,user10,98.51.62.162,US,login,success,user
2026-03-22 01:15:24.031276,user18,203.165.133.104,US,login,success,user
2026-03-22 01:22:24.031276,user18,17.117.4.133,US,login,failed,user
2026-03-22 01:27:24.031276,user9,117.242.43.52,US,login,success,user
2026-03-22 01:37:24.031276,user3,6.24.249.232,US,login,success,user
2026-03-22 01:44:24.031276,user12,156.41.148.38,US,login,success,user
2026-03-22 01:47:24.031276,user7,162.59.98.91,US,login,success,user
2026-03-22 01:48:24.031276,user2,108.179.206.106,US,login,success,user
2026-03-22 01:58:24.031276,user7,102.52.52.72,US,login,success,user
2026-03-22 02:03:24.031276,admin1,76.238.31.126,IN,login,success,admin
2026-03-22 02:16:24.031276,user19,21.7.146.218,US,login,success,user
2026-03-22 02:31:24.031276,user15,150.171.192.92,UK,login,failed,user
2026-03-22 02:46:24.031276,user16,195.196.57.9,US,login,success,user
2026-03-22 02:49:24.031276,admin2,16.153.105.252,US,login,success,admin
2026-03-22 03:00:24.031276,user5,171.48.32.108,CA,login,success,user
2026-03-22 03:02:24.031276,user11,161.1.67.42,US,login,failed,user
2026-03-22 03:08:24.031276,user10,154.4.134.241,US,login,success,user
2026-03-22 03:19:24.031276,user18,20.102.136.163,US,login,success,user
2026-03-22 03:33:24.031276,user2,131.134.137.49,US,login,success,user
2026-03-22 03:47:24.031276,user9,92.218.254.50,CA,login,success,user
2026-03-22 03:57:24.031276,user5,99.96.97.120,US,login,success,user
2026-03-22 04:02:24.031276,admin1,20.153.208.179,US,login,success,admin
2026-03-22 04:07:24.031276,user9,93.205.80.131,US,login,success,user
2026-03-22 04:18:24.031276,user6,74.255.193.235,US,login,success,user
2026-03-22 04:27:24.031276,user3,34.57.94.65,US,login,success,user
2026-03-22 04:29:24.031276,user5,99.128.243.136,US,login,success,user
2026-03-22 04:30:24.031276,user13,29.132.103.140,US,login,success,user
2026-03-22 04:41:24.031276,user3,26.252.69.18,US,login,success,user
2026-03-22 04:42:24.031276,user2,152.254.15.89,US,login,success,user
2026-03-22 04:49:24.031276,user10,4.172.62.120,US,login,success,user
2026-03-22 04:58:24.031276,admin1,210.28.22.40,US,login,success,admin
2026-03-22 05:01:24.031276,user3,107.183.21.222,US,login,success,user
2026-03-22 05:04:24.031276,user1,183.154.46.19,CA,login,success,user
2026-03-22 05:13:24.031276,user7,153.59.55.43,US,login,success,user
2026-03-22 05:27:24.031276,user4,167.127.34.216,US,login,success,user
2026-03-22 05:28:24.031276,user6,54.201.210.143,US,login,success,user
2026-03-22 05:36:24.031276,user13,195.161.179.13,US,login,success,user
2026-03-22 05:42:24.031276,user18,131.51.46.253,US,login,success,user
2026-03-22 05:45:24.031276,user15,21.49.35.109,US,login,failed,user
2026-03-22 06:00:24.031276,user11,2.121.124.93,US,login,success,user
2026-03-22 06:11:24.031276,user2,213.41.232.43,US,login,success,user
2026-03-22 06:19:24.031276,user15,79.21.32.159,US,login,success,user
2026-03-22 06:25:24.031276,user9,131.54.58.176,US,login,failed,user
2026-03-22 06:27:24.031276,user1,92.231.171.182,US,login,success,user
2026-03-22 06:42:24.031276,user7,180.31.52.35,US,login,failed,user
2026-03-22 06:51:24.031276,user8,45.158.236.67,US,login,success,user
2026-03-22 07:02:24.031276,user2,203.40.206.190,US,login,success,user
2026-03-22 07:05:24.031276,user7,195.104.128.199,US,login,success,user
2026-03-22 07:07:24.031276,user6,96.26.207.1,US,login,failed,user
2026-03-22 07:16:24.031276,user5,159.224.201.142,US,login,success,user
2026-03-22 07:18:24.031276,user6,106.61.168.17,CA,login,success,user
2026-03-22 07:32:24.031276,user10,205.145.88.119,US,login,success,user
2026-03-22 07:41:24.031276,user18,151.251.167.126,US,login,success,user
2026-03-22 07:48:24.031276,user8,160.250.198.207,US,login,success,user
2026-03-22 07:59:24.031276,user2,84.72.243.116,DE,login,success,user
2026-03-22 08:08:24.031276,user3,12.20.23.103,US,login,success,user
2026-03-22 08:23:24.031276,user9,60.196.206.91,US,login,success,user
2026-03-22 08:29:24.031276,user1,141.175.72.140,US,login,failed,user
2026-03-22 08:35:24.031276,user12,194.104.153.34,US,login,success,user
2026-03-22 08:37:24.031276,user17,114.214.64.225,UK,login,success,user
2026-03-22 08:52:24.031276,admin1,132.164.31.106,US,login,success,admin
2026-03-22 08:59:24.031276,user3,195.145.60.96,US,login,success,user
2026-03-22 09:12:24.031276,admin2,190.200.176.99,US,login,success,admin
2026-03-22 09:20:24.031276,user12,67.39.30.173,US,login,success,user
2026-03-22 09:21:24.031276,user13,51.151.0.68,CA,login,success,user
2026-03-22 09:23:24.031276,user12,66.44.109.213,US,login,success,user
2026-03-22 09:29:24.031276,user6,151.83.74.193,US,login,success,user
2026-03-22 09:39:24.031276,user2,97.132.148.57,US,login,success,user
2026-03-22 09:48:24.031276,admin1,99.158.16.56,US,login,success,admin
2026-03-22 09:52:24.031276,user18,167.126.25.216,IN,login,failed,user
2026-03-22 10:00:24.031276,user1,200.124.106.3,US,login,success,user
2026-03-22 10:10:24.031276,user18,220.88.75.220,US,login,success,user
2026-03-22 10:22:24.031276,user9,176.37.187.233,US,login,success,user
2026-03-22 10:31:24.031276,admin2,126.116.39.117,US,login,success,admin
2026-03-22 10:40:24.031276,user19,223.121.183.43,US,login,success,user
2026-03-22 10:45:24.031276,user6,197.137.55.140,US,login,success,user
2026-03-22 10:46:24.031276,user9,196.18.228.164,US,login,success,user
2026-03-22 10:55:24.031276,user17,151.218.155.50,US,login,success,user
2026-03-22 11:03:24.031276,user5,171.40.125.166,US,login,success,user
2026-03-22 11:17:24.031276,user13,114.5.14.144,US,login,success,user
2026-03-22 11:25:24.031276,user1,133.46.59.204,US,login,success,user
2026-03-22 11:33:24.031276,user12,83.5.43.123,US,login,failed,user
2026-03-22 11:35:24.031276,user2,136.217.219.253,CA,login,success,user
2026-03-22 11:42:24.031276,user7,184.9.6.47,CA,login,success,user
2026-03-22 11:52:24.031276,user16,12.175.184.204,US,login,success,user
2026-03-22 11:54:24.031276,user1,113.237.67.115,US,login,success,user
2026-03-22 11:57:24.031276,user13,25.126.168.187,US,login,success,user
2026-03-22 12:02:24.031276,user11,31.48.166.218,US,login,success,user
2026-03-22 12:16:24.031276,user9,19.235.115.51,US,login,success,user
2026-03-22 12:23:24.031276,user6,106.9.161.100,US,login,success,user
2026-03-22 12:38:24.031276,user12,141.224.97.153,US,login,success,user
2026-03-22 12:48:24.031276,user4,49.182.83.51,US,login,success,user
2026-03-22 13:03:24.031276,user19,5.81.88.138,US,login,success,user
2026-03-22 13:14:24.031276,user6,36.249.248.7,US,login,failed,user
2026-03-22 13:19:24.031276,user12,94.56.217.149,US,login,success,user
2026-03-22 13:28:24.031276,user10,6.110.109.19,US,login,success,user
2026-03-22 13:29:24.031276,user1,24.89.233.237,US,login,success,user
2026-03-22 13:36:24.031276,user9,204.214.120.227,US,login,success,user
2026-03-22 13:44:24.031276,user15,195.99.19.71,US,login,success,user
2026-03-22 13:57:24.031276,admin1,118.102.50.125,US,login,success,admin
2026-03-22 14:10:24.031276,user17,174.128.205.112,US,login,success,user
2026-03-22 14:14:24.031276,user13,52.147.255.41,US,login,success,user
2026-03-22 14:26:24.031276,user1,176.160.86.110,US,login,success,user
2026-03-22 14:38:24.031276,user14,119.93.242.223,US,login,success,user
2026-03-22 14:45:24.031276,admin2,203.168.255.218,US,login,success,admin
2026-03-22 14:58:24.031276,user13,197.65.36.173,US,login,success,user
2026-03-22 15:13:24.031276,user2,5.27.1.169,US,login,success,user
2026-03-22 15:15:24.031276,user11,150.122.217.64,US,login,success,user
2026-03-22 15:22:24.031276,user4,150.215.230.20,US,login,success,user
2026-03-22 15:27:24.031276,user1,106.72.93.28,US,login,success,user
2026-03-22 15:35:24.031276,admin1,80.12.41.78,US,login,success,admin
2026-03-22 15:45:24.031276,admin1,102.181.27.168,US,login,success,admin
2026-03-22 15:51:24.031276,admin1,121.43.32.165,US,login,success,admin
2026-03-22 15:53:24.031276,admin2,223.232.200.12,IN,login,success,admin
2026-03-22 16:03:24.031276,user11,175.193.122.207,US,login,success,user
2026-03-22 16:18:24.031276,user9,188.119.235.255,US,login,success,user
2026-03-22 16:32:24.031276,user5,92.168.44.10,US,login,success,user
2026-03-22 16:37:24.031276,user5,155.173.115.187,US,login,success,user
2026-03-22 16:44:24.031276,user19,83.238.35.157,US,login,success,user
2026-03-22 16:53:24.031276,user11,106.213.140.190,US,login,success,user
2026-03-22 16:58:24.031276,user5,41.164.143.232,US,login,success,user
2026-03-22 17:11:24.031276,user9,165.34.60.70,US,login,success,user
2026-03-22 17:24:24.031276,user11,158.68.210.2,US,login,success,user
2026-03-22 17:29:24.031276,user18,91.67.97.82,US,login,success,user
2026-03-22 17:31:24.031276,user10,168.31.253.48,US,login,success,user
2026-03-22 17:45:24.031276,user11,164.25.18.90,US,login,success,user
2026-03-22 17:46:24.031276,user8,148.153.48.30,CA,login,success,user
2026-03-22 18:00:24.031276,user7,58.100.18.4,US,login,success,user
2026-03-22 18:09:24.031276,user7,68.148.164.130,US,login,success,user
2026-03-22 18:12:24.031276,user10,192.240.240.125,UK,login,success,user
2026-03-22 18:25:24.031276,admin2,10.138.172.166,US,login,success,admin
2026-03-22 18:39:24.031276,user2,5.31.210.242,US,login,success,user
2026-03-22 18:43:24.031276,admin2,134.252.1.238,US,login,success,admin
2026-03-22 18:51:24.031276,user13,102.158.13.45,DE,login,success,user
2026-03-22 18:56:24.031276,user4,148.174.8.189,US,login,success,user
2026-03-22 19:04:24.031276,user16,82.93.27.83,US,login,success,user
2026-03-22 19:08:24.031276,user2,107.196.60.43,US,login,success,user
2026-03-22 19:12:24.031276,admin1,52.202.119.167,US,login,success,admin
2026-03-22 19:16:24.031276,admin2,113.217.27.169,US,login,success,admin
2026-03-22 19:31:24.031276,user12,207.180.114.39,US,login,success,user
2026-03-22 19:34:24.031276,user7,2.186.74.28,US,login,failed,user
2026-03-22 19:38:24.031276,user18,122.135.247.255,IN,login,success,user
2026-03-22 19:48:24.031276,admin2,219.156.254.68,US,login,success,admin
2026-03-22 19:54:24.031276,user11,35.177.197.128,US,login,failed,user
2026-03-22 20:00:24.031276,user7,118.79.17.195,US,login,success,user
2026-03-22 20:07:24.031276,user14,47.226.102.29,DE,login,success,user
2026-03-22 20:14:24.031276,user5,109.142.155.173,US,login,success,user
2026-03-22 20:23:24.031276,user7,69.120.93.45,US,login,success,user
2026-03-22 20:24:24.031276,user17,131.85.155.22,US,login,success,user
2026-03-22 20:39:24.031276,user13,49.111.136.71,US,login,success,user
2026-03-22 20:50:24.031276,user16,74.110.172.146,US,login,success,user
2026-03-22 20:52:24.031276,admin1,192.203.103.76,US,login,success,admin
2026-03-22 20:56:24.031276,user10,177.12.173.168,US,login,success,user
2026-03-22 21:09:24.031276,user8,103.250.70.7,US,login,success,user
2026-03-22 21:11:24.031276,user14,108.140.28.30,US,login,success,user
2026-03-22 21:22:24.031276,user12,3.171.107.2,US,login,success,user
2026-03-22 21:23:24.031276,user16,148.59.178.12,US,login,success,user
2026-03-22 21:35:24.031276,user7,5.89.183.119,US,login,success,user
2026-03-22 21:39:24.031276,user4,31.69.113.46,US,login,success,user
2026-03-22 21:50:24.031276,user18,131.120.27.194,UK,login,success,user
2026-03-22 21:59:24.031276,user14,163.80.150.35,US,login,success,user
2026-03-22 22:01:24.031276,user10,166.217.142.179,US,login,success,user
2026-03-22 22:15:24.031276,admin1,181.81.158.75,US,login,success,admin
2026-03-22 22:29:24.031276,user12,82.6.27.22,US,login,failed,user
2026-03-22 22:38:24.031276,user12,171.226.225.161,US,login,success,user
2026-03-22 22:43:24.031276,user19,157.75.239.138,UK,login,success,user
2026-03-22 22:48:24.031276,user6,164.80.140.25,US,login,success,user
2026-03-22 23:03:24.031276,user11,26.66.27.45,US,login,success,user
2026-03-22 23:17:24.031276,user13,66.44.140.42,US,login,failed,user
2026-03-22 23:31:24.031276,user4,85.140.118.205,US,login,success,user
2026-03-22 23:34:24.031276,user11,9.140.242.72,US,login,success,user
2026-03-22 23:43:24.031276,user8,35.105.69.155,US,login,success,user
2026-03-22 23:56:24.031276,user9,19.237.53.248,US,login,success,user
2026-03-23 00:00:24.031276,user1,141.215.87.205,US,login,success,user
2026-03-23 00:02:24.031276,user4,133.251.229.40,US,login,success,user
2026-03-23 00:03:24.031276,user15,50.148.64.241,UK,login,success,user
2026-03-23 00:08:24.031276,admin1,49.50.42.199,US,login,success,admin
2026-03-23 00:16:24.031276,user12,10.240.56.168,US,login,success,user
2026-03-23 00:30:24.031276,user12,210.164.114.26,US,login,success,user
2026-03-23 00:41:24.031276,user2,134.227.65.26,US,login,success,user
2026-03-23 00:49:24.031276,user8,139.252.80.19,US,login,failed,user
2026-03-23 00:51:24.031276,user16,65.242.1.250,US,login,success,user
2026-03-23 01:00:24.031276,user15,24.207.41.119,US,login,success,user
2026-03-23 01:07:24.031276,user17,154.45.103.120,CA,login,failed,user
2026-03-23 01:19:24.031276,user12,61.192.117.39,US,login,success,user
2026-03-23 01:20:24.031276,admin1,166.205.204.53,US,login,success,admin
2026-03-23 01:21:24.031276,user8,185.233.147.101,US,login,success,user
2026-03-23 01:35:24.031276,user17,192.185.110.12,UK,login,success,user
2026-03-23 01:48:24.031276,user7,191.25.62.23,US,login,success,user
2026-03-23 02:00:24.031276,user3,11.17.98.87,US,login,success,user
2026-03-23 02:11:24.031276,admin1,15.211.154.215,UK,login,success,admin
2026-03-23 02:19:24.031276,user14,210.57.38.93,DE,login,failed,user
2026-03-23 02:30:24.031276,user3,220.19.217.217,US,login,success,user
2026-03-23 02:37:24.031276,user3,179.99.89.37,US,login,failed,user
2026-03-23 02:37:29.031276,user3,179.99.89.37,US,login,failed,user
2026-03-23 02:37:38.031276,user3,179.99.89.37,US,login,failed,user
2026-03-23 02:37:40.031276,user3,179.99.89.37,US,login,failed,user
2026-03-23 02:37:43.031276,user3,179.99.89.37,US,login,failed,user
2026-03-23 02:37:51.031276,user3,179.99.89.37,US,login,failed,user
2026-03-23 02:37:54.031276,user3,179.99.89.37,US,login,failed,user
2026-03-23 02:38:03.031276,user3,179.99.89.37,US,login,failed,user
2026-03-23 02:38:05.031276,user3,179.99.89.37,US,login,failed,user
2026-03-23 02:38:11.031276,user3,179.99.89.37,US,login,failed,user
2026-03-23 02:38:15.031276,user3,179.99.89.37,US,login,failed,user
2026-03-23 02:38:23.031276,user3,179.99.89.37,US,login,failed,user
2026-03-23 02:38:25.031276,user3,179.99.89.37,US,login,failed,user
2026-03-23 02:38:27.031276,user3,179.99.89.37,US,login,failed,user
2026-03-23 02:38:37.031276,user3,179.99.89.37,US,login,failed,user
2026-03-23 02:38:52.031276,user3,179.99.89.37,US,login,success,user
2026-03-23 02:39:24.031276,admin1,38.211.127.91,US,login,success,admin
2026-03-23 02:46:24.031276,user18,214.176.192.215,US,login,success,user
2026-03-23 03:00:24.031276,user1,180.28.237.223,US,login,success,user
2026-03-23 03:02:24.031276,user13,63.135.217.179,US,login,success,user
2026-03-23 03:03:24.031276,admin1,32.201.244.104,US,login,success,admin
2026-03-23 03:11:24.031276,user16,75.230.154.89,US,login,success,user
2026-03-23 03:13:24.031276,user1,43.80.98.149,US,login,success,user
2026-03-23 03:18:24.031276,user10,154.42.158.51,US,login,success,user
2026-03-23 03:23:24.031276,user4,55.145.59.206,US,login,success,user
2026-03-23 03:32:24.031276,user11,98.226.194.244,US,login,success,user
2026-03-23 03:39:24.031276,user13,69.159.48.215,US,login,success,user
2026-03-23 03:50:24.031276,user9,211.44.210.45,US,login,success,user
2026-03-23 04:00:24.031276,user12,171.39.92.246,US,login,success,user
2026-03-23 04:06:24.031276,user3,207.91.242.156,US,login,success,user
2026-03-23 04:16:24.031276,user11,57.121.2.95,US,login,success,user
2026-03-23 04:27:24.031276,user11,162.45.54.6,US,login,success,user
2026-03-23 04:39:24.031276,user12,28.165.172.117,US,login,success,user
2026-03-23 04:49:24.031276,user2,92.45.237.36,US,login,success,user
2026-03-23 04:53:24.031276,user7,116.178.21.129,CA,login,success,user
2026-03-23 05:00:24.031276,user15,80.30.212.31,US,login,success,user
2026-03-23 05:06:24.031276,user5,75.238.44.162,US,login,failed,user
2026-03-23 05:08:24.031276,user9,187.162.179.65,US,login,success,user
2026-03-23 05:14:24.031276,user10,81.30.62.145,US,login,success,user
2026-03-23 05:20:24.031276,user18,73.58.161.200,US,login,failed,user
2026-03-23 05:24:24.031276,user17,74.28.202.2,US,login,success,user
2026-03-23 05:34:24.031276,user19,206.168.237.105,US,login,success,user
2026-03-23 05:38:24.031276,user9,162.83.195.174,US,login,success,user
2026-03-23 05:44:24.031276,user11,208.69.96.207,US,login,success,user
2026-03-23 05:55:24.031276,user10,145.161.24.196,US,login,success,user
2026-03-23 06:10:24.031276,user15,55.218.4.122,UK,login,success,user
2026-03-23 06:23:24.031276,user12,124.176.71.195,US,login,failed,user
2026-03-23 06:38:24.031276,user19,208.223.134.62,US,login,success,user
2026-03-23 06:53:24.031276,user9,112.81.45.154,US,login,success,user
2026-03-23 07:02:24.031276,user3,217.113.32.132,US,login,success,user
2026-03-23 07:08:24.031276,user16,219.188.113.74,UK,login,success,user
2026-03-23 07:16:24.031276,user19,139.19.166.215,DE,login,success,user
2026-03-23 07:22:24.031276,user4,141.207.101.52,US,login,failed,user
2026-03-23 07:32:24.031276,user5,208.202.75.24,US,login,success,user
2026-03-23 07:39:24.031276,user16,159.180.1.123,US,login,success,user
2026-03-23 07:43:24.031276,user15,164.72.136.254,US,login,success,user
2026-03-23 07:52:24.031276,user4,91.199.146.185,US,login,success,user
2026-03-23 08:07:24.031276,user6,33.63.45.83,US,login,success,user
2026-03-23 08:13:24.031276,user13,80.198.78.254,US,login,success,user
2026-03-23 08:19:24.031276,user3,206.224.175.165,US,login,success,user
2026-03-23 08:29:24.031276,user14,159.251.175.48,US,login,success,user
2026-03-23 08:38:24.031276,admin2,22.165.120.221,US,login,success,admin
2026-03-23 08:45:24.031276,user14,210.20.8.178,US,login,success,user
2026-03-23 08:54:24.031276,user4,162.111.29.191,US,login,success,user
2026-03-23 09:07:24.031276,user7,153.219.129.162,US,login,success,user
2026-03-23 09:22:24.031276,user4,111.158.76.36,US,login,failed,user
2026-03-23 09:23:24.031276,admin1,203.158.131.34,US,login,success,admin
2026-03-23 09:30:24.031276,user9,156.92.40.254,DE,login,success,user
2026-03-23 09:45:24.031276,user7,134.185.110.27,US,login,success,user
2026-03-23 09:58:24.031276,admin2,28.194.246.25,US,login,success,admin
2026-03-23 10:11:24.031276,user3,73.244.195.228,US,login,success,user
2026-03-23 10:20:24.031276,user16,26.92.97.90,CA,login,success,user
2026-03-23 10:31:24.031276,user6,97.176.90.108,US,login,failed,user
2026-03-23 10:41:24.031276,admin2,218.176.130.90,US,login,success,admin
2026-03-23 10:47:24.031276,user2,34.238.255.192,DE,login,failed,user
2026-03-23 11:02:24.031276,user17,135.15.29.20,US,login,success,user
2026-03-23 11:12:24.031276,admin2,82.151.49.54,US,login,success,admin
2026-03-23 11:22:24.031276,user10,115.5.113.48,US,login,success,user
2026-03-23 11:25:24.031276,user1,201.75.176.138,US,login,success,user
2026-03-23 11:32:24.031276,user4,151.161.132.209,US,login,success,user
2026-03-23 11:46:24.031276,user15,222.60.87.236,US,login,failed,user
2026-03-23 11:51:24.031276,user11,177.245.87.233,US,login,success,user
2026-03-23 12:02:24.031276,user18,133.183.253.137,US,login,success,user
2026-03-23 12:04:24.031276,user9,163.131.6.223,IN,login,success,user
2026-03-23 12:08:24.031276,user4,199.4.121.72,US,login,success,user
2026-03-23 12:11:24.031276,user19,66.70.31.65,US,login,success,user
2026-03-23 12:23:24.031276,user10,120.72.235.219,US,login,success,user
2026-03-23 12:29:24.031276,user4,73.77.31.138,US,login,failed,user
2026-03-23 12:33:24.031276,user10,50.109.239.13,US,login,success,user
2026-03-23 12:35:24.031276,user14,115.14.107.107,US,login,success,user
2026-03-23 12:49:24.031276,user13,60.52.126.94,DE,login,failed,user
2026-03-23 13:00:24.031276,admin2,153.117.185.112,US,login,success,admin
2026-03-23 13:03:24.031276,admin2,126.223.7.207,US,login,success,admin
2026-03-23 13:08:24.031276,user12,77.66.84.182,US,login,success,user
2026-03-23 13:19:24.031276,user6,134.128.152.169,US,login,success,user
2026-03-23 13:34:24.031276,user8,201.56.198.131,US,login,success,user
2026-03-23 13:43:24.031276,user1,223.244.244.59,US,login,success,user
2026-03-23 13:52:24.031276,user5,71.165.67.9,US,login,success,user
2026-03-23 13:59:24.031276,user8,176.231.37.209,DE,login,success,user
2026-03-23 14:13:24.031276,user13,42.71.79.29,US,login,success,user
2026-03-23 14:20:24.031276,user5,68.106.235.3,US,login,failed,user
2026-03-23 14:28:24.031276,user9,154.168.104.130,US,login,success,user
2026-03-23 14:43:24.031276,user19,167.144.218.76,US,login,success,user
2026-03-23 14:44:24.031276,user15,176.226.69.247,US,login,success,user
2026-03-23 14:53:24.031276,user2,14.237.0.74,US,login,success,user
2026-03-23 15:06:24.031276,user8,5.176.200.147,US,login,success,user
2026-03-23 15:18:24.031276,admin1,156.220.21.10,US,login,failed,admin
2026-03-23 15:21:24.031276,user12,142.231.171.19,US,login,success,user
2026-03-23 15:29:24.031276,user15,7.172.177.79,US,login,success,user
2026-03-23 15:36:24.031276,user11,25.224.60.155,US,login,success,user
2026-03-23 15:51:24.031276,user15,97.203.203.82,US,login,success,user
2026-03-23 16:02:24.031276,user17,157.107.86.75,US,login,success,user
2026-03-23 16:09:24.031276,user6,38.163.203.223,US,login,success,user
2026-03-23 16:15:24.031276,user2,164.121.246.176,US,login,success,user
2026-03-23 16:21:24.031276,user10,122.126.101.218,US,login,success,user
2026-03-23 16:24:24.031276,user16,146.78.37.117,CA,login,success,user
2026-03-23 16:25:24.031276,user10,139.241.15.61,US,login,success,user
2026-03-23 16:28:24.031276,user16,194.36.18.122,US,login,success,user
2026-03-23 16:39:24.031276,user1,110.176.255.105,CA,login,success,user
2026-03-23 16:46:24.031276,user13,149.151.240.53,US,login,success,user
2026-03-23 16:54:24.031276,user14,218.119.174.96,US,login,success,user
2026-03-23 16:57:24.031276,user15,168.245.195.214,US,login,success,user
2026-03-23 17:12:24.031276,admin2,142.174.196.78,US,login,success,admin
2026-03-23 17:22:24.031276,user10,68.223.155.186,US,login,success,user
2026-03-23 17:27:24.031276,user17,54.177.46.13,US,login,success,user
2026-03-23 17:34:24.031276,user17,39.113.128.241,US,login,failed,user
2026-03-23 17:47:24.031276,user14,28.55.250.14,US,login,failed,user
2026-03-23 18:01:24.031276,admin1,166.199.122.182,US,login,success,admin
2026-03-23 18:04:24.031276,admin1,165.176.130.179,IN,login,success,admin
2026-03-23 18:15:24.031276,user14,23.137.224.222,US,login,success,user
2026-03-23 18:30:24.031276,user15,171.120.116.121,CA,login,success,user
2026-03-23 18:44:24.031276,user9,185.86.84.25,CA,login,success,user
2026-03-23 18:45:24.031276,user3,64.4.220.248,US,login,success,user
2026-03-23 18:50:24.031276,admin1,144.21.137.162,US,login,success,admin
2026-03-23 18:56:24.031276,user14,80.81.121.241,US,login,success,user
2026-03-23 19:01:24.031276,user14,119.9.184.13,US,login,success,user
2026-03-23 19:10:24.031276,user5,143.157.239.255,US,login,success,user
2026-03-23 19:11:24.031276,user16,129.28.30.252,US,login,success,user
2026-03-23 19:25:24.031276,user17,217.59.3.56,US,login,success,user
2026-03-23 19:30:24.031276,user11,48.245.176.189,US,login,success,user
2026-03-23 19:36:24.031276,user16,55.188.117.59,US,login,success,user
2026-03-23 19:51:24.031276,admin2,50.1.43.99,US,login,success,admin
2026-03-23 19:54:24.031276,user13,105.179.51.137,US,login,success,user
2026-03-23 20:05:24.031276,user4,104.29.125.12,US,login,success,user
2026-03-23 20:12:24.031276,user8,80.65.188.50,US,login,success,user
2026-03-23 20:26:24.031276,user14,161.49.62.148,US,login,success,user
2026-03-23 20:32:24.031276,user9,182.51.245.38,US,login,success,user
2026-03-23 20:42:24.031276,user3,45.138.204.71,US,login,success,user
2026-03-23 20:57:24.031276,user5,54.137.97.113,US,login,failed,user
2026-03-23 21:04:24.031276,user9,202.66.236.189,CA,login,success,user
2026-03-23 21:11:24.031276,user10,190.64.232.252,US,login,success,user
2026-03-23 21:20:24.031276,user9,10.120.47.197,US,login,success,user
2026-03-23 21:21:24.031276,user3,117.254.89.48,US,login,success,user
2026-03-23 21:34:24.031276,admin2,46.145.24.123,US,login,success,admin
2026-03-23 21:36:24.031276,user13,116.37.185.99,UK,login,success,user
2026-03-23 21:38:24.031276,user4,114.190.155.199,US,login,success,user
2026-03-23 21:51:24.031276,user13,99.133.215.115,US,login,failed,user
2026-03-23 21:59:24.031276,user5,103.229.139.113,US,login,success,user
2026-03-23 22:09:24.031276,user19,206.138.13.179,CA,login,success,user
2026-03-23 22:15:24.031276,user8,155.137.75.117,US,login,success,user
2026-03-23 22:17:24.031276,user8,6.129.35.223,CA,login,success,user
2026-03-23 22:30:24.031276,user16,99.227.92.202,US,login,success,user
2026-03-23 22:45:24.031276,user4,191.170.137.195,US,login,success,user
2026-03-23 22:55:24.031276,user5,131.195.176.150,US,login,success,user
2026-03-23 22:56:24.031276,user11,145.228.199.184,US,login,success,user
2026-03-23 23:00:24.031276,user6,173.29.240.29,US,login,success,user
2026-03-23 23:03:24.031276,user4,135.71.250.176,US,login,success,user
2026-03-23 23:06:24.031276,user4,11.78.189.165,US,login,success,user
2026-03-23 23:13:24.031276,user6,132.148.5.31,US,login,success,user
2026-03-23 23:17:24.031276,user10,134.249.215.208,US,login,success,user
2026-03-23 23:27:24.031276,user11,195.40.38.242,US,login,success,user
2026-03-23 23:31:24.031276,user11,217.162.37.119,IN,login,success,user
2026-03-23 23:42:24.031276,user6,102.204.39.135,US,login,success,user
2026-03-23 23:48:24.031276,user3,199.46.93.12,US,login,success,user
2026-03-23 23:50:24.031276,user7,147.24.90.212,US,login,success,user
2026-03-23 23:59:24.031276,user1,96.59.180.246,US,login,success,user
2026-03-24 00:06:24.031276,user7,125.89.208.29,US,login,success,user
2026-03-24 00:21:24.031276,user14,36.21.58.36,UK,login,failed,user
2026-03-24 00:33:24.031276,admin1,67.245.166.87,US,login,success,admin
2026-03-24 00:46:24.031276,user15,126.175.209.28,US,login,success,user
2026-03-24 00:56:24.031276,user10,176.204.138.253,CA,login,success,user
2026-03-24 00:59:24.031276,admin2,175.47.219.219,US,login,success,admin
2026-03-24 01:12:24.031276,user13,8.71.241.81,US,login,success,user
2026-03-24 01:15:24.031276,user13,137.79.51.196,US,login,success,user
2026-03-24 01:24:24.031276,admin1,164.149.86.87,UK,login,success,admin
2026-03-24 01:26:24.031276,user17,182.115.137.6,US,login,success,user
2026-03-24 01:38:24.031276,user3,182.37.172.108,US,login,success,user
2026-03-24 01:49:24.031276,user2,81.173.168.25,UK,login,failed,user
2026-03-24 01:55:24.031276,user17,7.222.51.202,CA,login,success,user
2026-03-24 02:06:24.031276,admin1,183.19.66.104,US,login,success,admin
2026-03-24 02:12:24.031276,user5,144.102.24.192,US,login,success,user
2026-03-24 02:27:24.031276,user4,169.142.74.237,US,login,success,user
2026-03-24 02:42:24.031276,admin1,218.14.115.71,US,login,success,admin
2026-03-24 02:50:24.031276,user9,102.143.15.92,IN,login,success,user
2026-03-24 02:59:24.031276,user6,82.181.55.4,CA,login,success,user
2026-03-24 03:07:24.031276,admin1,85.23.184.206,US,login,success,admin
2026-03-24 03:13:24.031276,user14,12.188.103.10,US,login,success,user
2026-03-24 03:15:24.031276,admin1,114.199.231.152,US,login,success,admin
2026-03-24 03:24:24.031276,user17,158.186.125.2,US,login,failed,user
2026-03-24 03:36:24.031276,admin1,194.109.212.63,US,login,success,admin
2026-03-24 03:39:24.031276,user17,69.100.165.72,DE,login,success,user
2026-03-24 03:42:24.031276,user16,16.97.41.246,US,login,failed,user
2026-03-24 03:51:24.031276,user2,39.11.220.234,IN,login,success,user
2026-03-24 03:59:24.031276,user3,167.113.123.173,US,login,success,user
2026-03-24 04:07:24.031276,user5,190.112.1.141,US,login,success,user
2026-03-24 04:13:24.031276,admin1,43.30.44.71,US,login,success,admin
2026-03-24 04:21:24.031276,user16,60.99.245.129,US,login,success,user
2026-03-24 04:29:24.031276,user13,116.144.109.65,US,login,success,user
2026-03-24 04:34:24.031276,user8,109.137.217.215,US,login,success,user
2026-03-24 04:48:24.031276,user15,147.226.95.193,US,login,success,user
2026-03-24 05:00:24.031276,user7,139.137.235.7,UK,login,success,user
2026-03-24 05:02:24.031276,admin2,197.201.82.190,US,login,success,admin
2026-03-24 05:03:24.031276,user16,49.189.36.207,US,login,success,user
2026-03-24 05:10:24.031276,admin1,47.129.109.221,US,login,success,admin
2026-03-24 05:23:24.031276,user14,200.73.0.175,US,login,success,user
2026-03-24 05:37:24.031276,user7,53.49.233.163,US,login,success,user
2026-03-24 05:40:24.031276,admin2,175.91.226.27,US,login,success,admin
2026-03-24 05:49:24.031276,admin2,57.238.135.81,IN,login,success,admin
2026-03-24 05:56:24.031276,user19,183.150.125.15,US,login,success,user
2026-03-24 05:59:24.031276,user5,35.154.132.34,US,login,failed,user
2026-03-24 06:09:24.031276,user14,164.33.252.204,US,login,success,user
2026-03-24 06:11:24.031276,user16,82.165.141.171,US,login,success,user
2026-03-24 06:22:24.031276,user5,151.151.174.16,US,login,success,user
2026-03-24 06:26:24.031276,user4,119.204.71.111,US,login,success,user
2026-03-24 06:37:24.031276,user5,208.243.132.136,US,login,success,user
2026-03-24 06:38:24.031276,user3,62.203.172.70,US,login,success,user
2026-03-24 06:41:24.031276,user11,189.81.203.47,US,login,success,user
2026-03-24 06:42:24.031276,user5,213.190.5.152,RU,login,success,user
2026-03-24 06:50:24.031276,user9,213.103.53.225,US,login,success,user
2026-03-24 06:54:24.031276,user5,12.54.90.160,US,login,success,user
2026-03-24 06:55:24.031276,user5,49.65.215.148,US,login,success,user
2026-03-24 07:01:24.031276,admin1,153.63.100.234,US,login,success,admin
2026-03-24 07:15:24.031276,user2,201.180.255.27,US,login,success,user
2026-03-24 07:29:24.031276,user1,186.239.216.172,US,login,success,user
2026-03-24 07:38:24.031276,user4,115.85.106.86,US,login,success,user
2026-03-24 07:45:24.031276,user11,213.121.16.223,IN,login,success,user
2026-03-24 07:51:24.031276,user12,41.209.125.216,US,login,success,user
2026-03-24 08:04:24.031276,user18,165.131.242.229,US,login,success,user
2026-03-24 08:13:24.031276,user18,143.182.82.62,US,login,success,user
2026-03-24 08:19:24.031276,user18,217.173.91.215,US,login,success,user
2026-03-24 08:26:24.031276,admin2,131.215.154.2,US,login,success,admin
2026-03-24 08:40:24.031276,user4,134.15.216.6,US,login,success,user
2026-03-24 08:43:24.031276,user10,6.116.40.22,US,login,success,user
2026-03-24 08:48:24.031276,admin2,16.91.6.157,US,login,success,admin
2026-03-24 08:55:24.031276,user7,103.178.217.236,US,login,success,user
2026-03-24 08:57:24.031276,user9,191.153.241.141,US,login,failed,user
2026-03-24 09:00:24.031276,user17,170.111.160.187,US,login,success,user
2026-03-24 09:04:24.031276,user5,14.173.24.184,US,login,success,user
2026-03-24 09:19:24.031276,user8,138.23.169.205,US,login,success,user
2026-03-24 09:27:24.031276,admin2,67.211.163.192,DE,login,success,admin
2026-03-24 09:42:24.031276,user10,66.175.118.14,US,login,success,user
2026-03-24 09:50:24.031276,admin1,97.36.154.73,US,login,failed,admin
2026-03-24 09:56:24.031276,user15,13.14.10.32,US,login,success,user
2026-03-24 09:58:24.031276,user4,184.77.119.103,US,login,success,user
2026-03-24 10:12:24.031276,user13,198.17.215.216,US,login,success,user
2026-03-24 10:19:24.031276,user11,83.179.135.117,US,login,success,user
2026-03-24 10:31:24.031276,user5,25.237.128.99,US,login,success,user
2026-03-24 10:33:24.031276,admin2,204.43.136.37,UK,login,success,admin
2026-03-24 10:47:24.031276,user17,201.222.37.148,US,login,success,user
2026-03-24 11:02:24.031276,user7,1.253.21.102,US,login,success,user
2026-03-24 11:11:24.031276,user14,205.124.253.123,US,login,success,user
2026-03-24 11:26:24.031276,user13,181.39.33.10,US,login,success,user
2026-03-24 11:35:24.031276,user9,67.74.93.30,US,login,success,user
2026-03-24 11:37:24.031276,user6,131.104.185.21,US,login,success,user
2026-03-24 11:50:24.031276,user18,10.150.178.69,US,login,success,user
2026-03-24 12:01:24.031276,user1,65.214.190.169,US,login,success,user
2026-03-24 12:10:24.031276,user12,184.132.42.73,US,login,failed,user
2026-03-24 12:23:24.031276,user9,192.138.208.15,US,login,success,user
2026-03-24 12:34:24.031276,user17,86.197.12.175,US,login,failed,user
2026-03-24 12:48:24.031276,user10,67.16.30.173,US,login,success,user
2026-03-24 12:51:24.031276,user15,102.138.219.57,US,login,failed,user
2026-03-24 13:02:24.031276,user6,126.10.143.4,CA,login,success,user
2026-03-24 13:07:24.031276,user10,50.234.1.183,US,login,success,user
2026-03-24 13:13:24.031276,user4,29.214.218.240,US,login,success,user
2026-03-24 13:15:24.031276,user6,27.125.96.44,US,login,success,user
2026-03-24 13:22:24.031276,admin2,208.25.205.225,US,login,success,admin
2026-03-24 13:26:24.031276,user11,93.66.245.68,US,login,success,user
2026-03-24 13:33:24.031276,user18,32.183.169.122,US,login,success,user
2026-03-24 13:47:24.031276,admin2,108.158.8.8,US,login,success,admin
2026-03-24 14:00:24.031276,user12,17.239.251.71,US,login,success,user
2026-03-24 14:13:24.031276,user18,198.150.56.113,US,login,success,user
2026-03-24 14:19:24.031276,user17,106.204.234.73,US,login,success,user
2026-03-24 14:32:24.031276,user18,123.23.162.26,US,login,success,user
2026-03-24 14:40:24.031276,user19,74.144.105.133,US,login,success,user
2026-03-24 14:46:24.031276,user17,53.203.77.216,US,login,success,user
2026-03-24 15:00:24.031276,user7,62.90.215.239,US,login,success,user
2026-03-24 15:09:24.031276,user3,85.242.174.129,US,login,failed,user
2026-03-24 15:17:24.031276,user12,89.231.82.25,US,login,failed,user
2026-03-24 15:27:24.031276,user3,220.179.161.224,US,login,success,user
2026-03-24 15:33:24.031276,admin1,20.69.115.128,US,login,success,admin
2026-03-24 15:34:24.031276,user9,51.35.163.195,US,login,success,user
2026-03-24 15:38:24.031276,user2,45.190.54.25,US,login,success,user
2026-03-24 15:48:24.031276,admin1,64.128.252.200,US,login,success,admin
2026-03-24 16:03:24.031276,user7,3.60.116.248,US,login,failed,user
2026-03-24 16:04:24.031276,user1,166.58.208.46,US,login,success,user
2026-03-24 16:19:24.031276,user16,84.143.247.198,US,login,success,user
2026-03-24 16:27:24.031276,user2,208.58.177.123,US,login,success,user
2026-03-24 16:33:24.031276,user10,92.46.234.193,US,login,success,user
2026-03-24 16:38:24.031276,user4,75.63.207.173,US,login,success,user
2026-03-24 16:50:24.031276,user17,26.218.13.15,US,login,success,user
2026-03-24 16:59:24.031276,user9,106.222.219.251,US,login,success,user
2026-03-24 17:07:24.031276,admin2,106.244.123.4,US,login,success,admin
2026-03-24 17:21:24.031276,user18,137.231.169.62,US,login,success,user
2026-03-24 17:23:24.031276,admin2,74.74.31.36,US,login,failed,admin
2026-03-24 17:34:24.031276,user7,30.113.108.110,US,login,success,user
2026-03-24 17:44:24.031276,user11,151.65.191.192,US,login,success,user
2026-03-24 17:49:24.031276,user11,19.86.9.31,US,login,success,user
2026-03-24 17:51:24.031276,admin1,1.243.112.31,US,login,success,admin
2026-03-24 18:00:24.031276,user18,4.104.197.95,US,login,success,user
2026-03-24 18:08:24.031276,user18,23.206.171.126,US,login,success,user
2026-03-24 18:22:24.031276,user13,196.201.17.238,US,login,success,user
2026-03-24 18:34:24.031276,user10,136.160.111.206,UK,login,success,user
2026-03-24 18:39:24.031276,user13,67.249.173.218,UK,login,success,user
2026-03-24 18:53:24.031276,user14,125.82.111.16,US,login,success,user
2026-03-24 18:57:24.031276,user17,47.9.22.123,US,login,success,user
2026-03-24 19:05:24.031276,user11,173.67.148.239,US,login,success,user
2026-03-24 19:10:24.031276,user11,16.62.132.180,US,login,failed,user
2026-03-24 19:21:24.031276,user9,125.220.59.23,US,login,success,user
2026-03-24 19:34:24.031276,user10,142.252.96.7,US,login,success,user
2026-03-24 19:42:24.031276,user19,24.152.93.23,US,login,success,user
2026-03-24 19:50:24.031276,user2,7.176.26.226,US,login,success,user
2026-03-24 20:03:24.031276,user6,49.246.100.134,US,login,success,user
2026-03-24 20:09:24.031276,user15,196.160.2.114,US,login,success,user
2026-03-24 20:15:24.031276,user6,82.19.249.192,US,login,success,user
2026-03-24 20:24:24.031276,user3,207.140.182.124,US,login,success,user
2026-03-24 20:30:24.031276,user17,96.48.157.130,US,login,success,user
2026-03-24 20:34:24.031276,user2,56.116.163.52,US,login,success,user
2026-03-24 20:41:24.031276,user17,113.163.195.244,US,login,success,user
2026-03-24 20:43:24.031276,user3,212.184.150.27,DE,login,success,user
2026-03-24 20:51:24.031276,user12,124.130.0.50,CA,login,success,user
2026-03-24 21:00:24.031276,user16,39.72.59.36,US,login,success,user
2026-03-24 21:14:24.031276,user17,120.171.105.236,DE,login,success,user
2026-03-24 21:18:24.031276,user4,67.225.101.2,US,login,success,user
2026-03-24 21:33:24.031276,user3,60.69.248.65,US,login,success,user
2026-03-24 21:37:24.031276,user14,139.165.237.16,US,login,success,user
2026-03-24 21:40:24.031276,user17,65.163.30.61,US,login,success,user
2026-03-24 21:45:24.031276,admin1,35.149.21.247,US,login,success,admin
2026-03-24 21:51:24.031276,user12,45.21.96.77,US,login,success,user
2026-03-24 22:03:24.031276,user11,158.125.46.102,US,login,success,user
2026-03-24 22:16:24.031276,user6,118.15.83.220,US,login,success,user
2026-03-24 22:31:24.031276,user3,64.19.7.120,US,login,success,user
2026-03-24 22:46:24.031276,user16,214.138.165.43,US,login,success,user
2026-03-24 22:59:24.031276,user8,66.74.252.92,US,login,success,user
2026-03-24 23:10:24.031276,user5,165.91.232.105,US,login,success,user
2026-03-24 23:25:24.031276,user16,97.252.131.45,US,login,success,user
2026-03-24 23:35:24.031276,admin1,212.104.76.0,US,login,success,admin
2026-03-24 23:47:24.031276,user16,191.121.249.203,CA,login,success,user
2026-03-24 23:58:24.031276,user14,136.16.86.155,US,login,success,user
2026-03-25 00:07:24.031276,user6,84.7.67.140,US,login,success,user
2026-03-25 00:15:24.031276,admin2,186.7.227.45,UK,login,success,admin
2026-03-25 00:25:24.031276,user3,31.23.156.149,US,login,success,user
2026-03-25 00:28:24.031276,user1,162.166.151.6,US,login,failed,user
2026-03-25 00:31:24.031276,user9,26.235.122.191,US,login,success,user
2026-03-25 00:42:24.031276,user5,13.99.4.109,IN,login,success,user
2026-03-25 00:54:24.031276,user3,7.40.97.214,US,login,success,user
2026-03-25 01:08:24.031276,user8,136.192.1.142,US,login,success,user
2026-03-25 01:21:24.031276,user16,76.200.105.30,US,login,success,user
2026-03-25 01:29:24.031276,user10,129.128.13.108,US,login,success,user
2026-03-25 01:30:24.031276,user9,101.46.2.163,US,login,failed,user
2026-03-25 01:41:24.031276,user3,184.33.160.133,US,login,success,user
2026-03-25 01:51:24.031276,user16,56.207.224.223,US,login,success,user
2026-03-25 01:57:24.031276,user19,201.153.72.236,UK,login,success,user
2026-03-25 02:09:24.031276,user11,143.190.114.92,US,login,success,user
2026-03-25 02:10:24.031276,user10,97.38.149.2,US,login,success,user
2026-03-25 02:19:24.031276,user1,132.28.251.230,IN,login,success,user
2026-03-25 02:34:24.031276,user5,103.251.223.233,US,login,success,user
2026-03-25 02:40:24.031276,user8,145.202.218.66,DE,login,success,user
2026-03-25 02:55:24.031276,user3,50.112.129.167,US,login,failed,user
2026-03-25 03:00:24.031276,admin2,73.214.63.100,US,login,success,admin
2026-03-25 03:13:24.031276,user8,114.233.78.143,US,login,success,user
2026-03-25 03:23:24.031276,user17,137.212.5.59,US,login,success,user
2026-03-25 03:38:24.031276,user10,47.71.51.125,US,login,success,user
2026-03-25 03:42:24.031276,user2,161.218.4.204,US,login,success,user
2026-03-25 03:43:24.031276,user9,169.217.199.208,US,login,success,user
2026-03-25 03:56:24.031276,user16,61.205.143.251,US,login,success,user
2026-03-25 04:08:24.031276,user6,78.77.123.83,US,login,success,user
2026-03-25 04:16:24.031276,user11,66.130.144.1,UK,login,success,user
2026-03-25 04:18:24.031276,user14,17.196.250.59,US,login,success,user
2026-03-25 04:29:24.031276,user1,184.106.234.48,US,login,success,user
2026-03-25 04:38:24.031276,user1,60.151.108.114,US,login,failed,user
2026-03-25 04:50:24.031276,user9,180.243.8.13,US,login,success,user
2026-03-25 04:54:24.031276,user2,76.15.133.18,US,login,success,user
2026-03-25 05:01:24.031276,admin1,3.182.141.129,US,login,success,admin
2026-03-25 05:12:24.031276,user16,165.241.112.227,US,login,failed,user
2026-03-25 05:22:24.031276,user18,130.66.238.192,US,login,success,user
2026-03-25 05:36:24.031276,admin2,140.197.21.215,US,login,success,admin
2026-03-25 05:43:24.031276,user15,144.33.243.253,US,login,failed,user
2026-03-25 05:55:24.031276,user15,99.53.52.108,CA,login,success,user
2026-03-25 06:03:24.031276,user2,192.158.231.111,US,login,success,user
2026-03-25 06:17:24.031276,user10,138.51.0.187,US,login,success,user
2026-03-25 06:30:24.031276,user4,121.245.126.156,US,login,success,user
2026-03-25 06:36:24.031276,user2,8.53.111.238,US,login,success,user
2026-03-25 06:49:24.031276,user12,168.110.174.103,DE,login,success,user
2026-03-25 06:56:24.031276,user9,59.68.255.221,US,login,success,user
2026-03-25 07:11:24.031276,user15,85.244.88.18,US,login,success,user
2026-03-25 07:19:24.031276,user16,183.127.238.136,US,login,failed,user
2026-03-25 07:29:24.031276,admin1,141.225.65.249,US,login,success,admin
2026-03-25 07:32:24.031276,user6,179.191.26.94,US,login,success,user
2026-03-25 07:37:24.031276,admin1,172.143.227.86,US,login,success,admin
2026-03-25 07:48:24.031276,user18,4.72.221.139,US,login,failed,user
2026-03-25 07:54:24.031276,user3,112.145.137.147,US,login,success,user
2026-03-25 08:02:24.031276,user5,141.158.222.173,US,login,failed,user
2026-03-25 08:10:24.031276,user17,211.105.245.196,US,login,success,user
2026-03-25 08:14:24.031276,user7,118.202.163.98,DE,login,success,user
2026-03-25 08:18:24.031276,user10,122.127.221.13,IN,login,success,user
2026-03-25 08:32:24.031276,user12,219.202.65.93,US,login,success,user
2026-03-25 08:38:24.031276,user5,75.248.193.181,US,login,success,user
2026-03-25 08:47:24.031276,user8,180.217.33.206,US,login,success,user
2026-03-25 08:48:24.031276,admin1,64.14.255.252,US,login,success,admin
2026-03-25 08:58:24.031276,user12,181.167.33.193,US,login,success,user
2026-03-25 09:08:24.031276,user8,45.70.43.224,US,login,failed,user
2026-03-25 09:10:24.031276,user12,60.209.255.135,US,login,success,user
2026-03-25 09:23:24.031276,admin2,19.32.177.226,US,login,success,admin
2026-03-25 09:31:24.031276,user7,63.56.187.164,US,login,success,user
2026-03-25 09:37:24.031276,user3,149.153.44.53,US,login,success,user
2026-03-25 09:51:24.031276,user12,146.84.208.94,US,login,success,user
2026-03-25 09:56:24.031276,user8,191.92.120.96,US,login,success,user
2026-03-25 10:02:24.031276,user3,116.225.234.210,US,login,success,user
2026-03-25 10:05:24.031276,user12,181.240.131.13,US,login,success,user
2026-03-25 10:17:24.031276,admin1,21.121.160.185,US,login,success,admin
2026-03-25 10:30:24.031276,user2,45.78.4.56,US,login,success,user
2026-03-25 10:34:24.031276,user6,176.122.85.45,US,login,success,user
2026-03-25 10:37:24.031276,user1,123.123.180.11,US,login,failed,user
2026-03-25 10:43:24.031276,user17,109.228.113.127,US,login,success,user
2026-03-25 10:52:24.031276,user4,204.205.71.48,CA,login,success,user
2026-03-25 10:53:24.031276,user9,37.108.158.205,US,login,success,user
2026-03-25 10:57:24.031276,user15,108.233.52.99,DE,login,success,user
2026-03-25 11:09:24.031276,user13,38.236.39.253,US,login,success,user
2026-03-25 11:11:24.031276,user11,10.229.50.138,US,login,success,user
2026-03-25 11:12:24.031276,user2,22.145.226.170,US,login,success,user
2026-03-25 11:14:24.031276,admin2,2.5.79.199,US,login,success,admin
2026-03-25 11:19:24.031276,user5,54.134.8.175,US,login,success,user
2026-03-25 11:26:24.031276,user17,110.17.97.176,US,login,success,user
2026-03-25 11:32:24.031276,user17,99.52.71.239,US,login,success,user
2026-03-25 11:44:24.031276,user9,62.97.34.191,US,login,failed,user
2026-03-25 11:45:24.031276,user12,193.98.219.194,US,login,failed,user
2026-03-25 11:49:24.031276,admin2,135.5.75.109,US,login,success,admin
2026-03-25 11:58:24.031276,user10,112.229.75.73,US,login,success,user
2026-03-25 12:03:24.031276,admin1,77.68.237.216,US,login,success,admin
2026-03-25 12:12:24.031276,user14,33.166.134.24,DE,login,success,user
2026-03-25 12:24:24.031276,user12,126.64.209.169,US,login,success,user
2026-03-25 12:29:24.031276,user14,180.70.22.175,US,login,success,user
2026-03-25 12:39:24.031276,user10,95.21.82.119,UK,login,success,user
2026-03-25 12:43:24.031276,user16,137.251.139.70,US,login,success,user
2026-03-25 12:49:24.031276,user14,115.41.35.66,US,login,success,user
2026-03-25 12:59:24.031276,user7,6.23.240.84,US,login,success,user
2026-03-25 13:10:24.031276,user11,50.25.156.158,US,login,success,user
2026-03-25 13:16:24.031276,user16,95.79.236.138,CA,login,success,user
2026-03-25 13:25:24.031276,user10,66.236.122.131,US,login,failed,user
2026-03-25 13:38:24.031276,user4,131.216.33.26,US,login,success,user
2026-03-25 13:46:24.031276,user5,139.207.1.18,US,login,success,user
2026-03-25 13:48:24.031276,user13,178.123.87.161,US,login,success,user
2026-03-25 13:57:24.031276,user12,186.25.92.226,US,login,success,user
2026-03-25 14:09:24.031276,user17,182.47.131.116,US,login,success,user
2026-03-25 14:24:24.031276,user4,215.61.103.129,US,login,success,user
2026-03-25 14:31:24.031276,user18,136.2.62.97,US,login,success,user
2026-03-25 14:39:24.031276,user18,88.226.179.219,US,login,success,user
2026-03-25 14:46:24.031276,user8,129.88.172.202,US,login,success,user
2026-03-25 14:47:24.031276,user2,203.80.21.242,US,login,success,user
2026-03-25 14:52:24.031276,user19,193.143.174.194,US,login,success,user
2026-03-25 14:53:24.031276,user7,187.233.14.240,US,login,success,user
2026-03-25 14:59:24.031276,user2,151.0.61.47,US,login,failed,user
2026-03-25 15:00:24.031276,user4,117.172.118.86,US,login,failed,user
2026-03-25 15:14:24.031276,admin2,216.59.99.208,US,login,failed,admin
2026-03-25 15:26:24.031276,user10,106.40.71.127,US,login,success,user
2026-03-25 15:41:24.031276,user17,65.223.106.228,US,login,success,user
2026-03-25 15:54:24.031276,admin1,29.231.246.120,US,login,success,admin
2026-03-25 16:02:24.031276,user16,62.14.111.38,US,login,success,user
2026-03-25 16:15:24.031276,user14,10.61.29.44,CA,login,success,user
2026-03-25 16:20:24.031276,admin2,191.119.148.137,US,login,success,admin
2026-03-25 16:26:24.031276,user6,96.247.179.49,US,login,success,user
2026-03-25 16:27:24.031276,user4,179.68.136.85,US,login,failed,user
2026-03-25 16:29:24.031276,user12,11.54.149.112,US,login,success,user
2026-03-25 16:41:24.031276,user3,158.212.124.166,US,login,success,user
2026-03-25 16:55:24.031276,user5,81.42.197.254,US,login,failed,user
2026-03-25 17:07:24.031276,user16,103.228.186.174,US,login,success,user
2026-03-25 17:21:24.031276,user8,88.95.236.126,US,login,failed,user
2026-03-25 17:25:24.031276,admin1,169.129.170.231,US,login,success,admin
2026-03-25 17:35:24.031276,user11,70.119.13.187,US,login,success,user
2026-03-25 17:41:24.031276,user10,14.91.39.117,US,login,success,user
2026-03-25 17:47:24.031276,user1,165.95.243.230,US,login,success,user
2026-03-25 17:53:24.031276,user11,62.115.74.85,US,login,success,user
2026-03-25 18:03:24.031276,user1,51.255.232.114,CA,login,success,user
2026-03-25 18:11:24.031276,user15,175.197.26.43,US,login,success,user
2026-03-25 18:14:24.031276,user1,144.194.3.190,US,login,success,user
2026-03-25 18:21:24.031276,admin1,215.93.149.210,US,login,success,admin
2026-03-25 18:29:24.031276,user6,211.217.38.10,US,login,success,user
2026-03-25 18:35:24.031276,user10,173.198.4.31,US,login,success,user
2026-03-25 18:45:24.031276,user3,145.152.129.123,US,login,success,user
2026-03-25 18:52:24.031276,user14,223.107.213.226,US,login,success,user
2026-03-25 18:58:24.031276,user13,150.37.135.26,CA,login,success,user
2026-03-25 19:11:24.031276,user8,156.246.123.246,US,login,success,user
2026-03-25 19:15:24.031276,user10,74.149.209.60,US,login,success,user
2026-03-25 19:23:24.031276,user12,150.144.24.152,US,login,success,user
2026-03-25 19:36:24.031276,user1,72.222.50.1,US,login,success,user
2026-03-25 19:44:24.031276,user2,113.83.148.197,US,login,success,user
2026-03-25 19:58:24.031276,user11,188.225.94.77,US,login,success,user
2026-03-25 20:09:24.031276,user10,202.199.245.164,US,login,success,user
2026-03-25 20:19:24.031276,user2,159.18.250.52,US,login,success,user
2026-03-25 20:29:24.031276,user2,162.61.246.12,IN,login,success,user
2026-03-25 20:42:24.031276,user4,214.88.193.81,US,login,success,user
2026-03-25 20:50:24.031276,user5,217.57.111.23,US,login,success,user
2026-03-25 21:01:24.031276,user15,13.239.199.24,US,login,failed,user
2026-03-25 21:02:24.031276,user14,155.23.149.137,US,login,success,user
2026-03-25 21:04:24.031276,user9,123.198.17.149,US,login,success,user
2026-03-25 21:08:24.031276,user6,126.7.196.127,US,login,success,user
2026-03-25 21:22:24.031276,user3,215.187.20.186,US,login,success,user
2026-03-25 21:24:24.031276,user15,36.23.200.132,US,login,success,user
2026-03-25 21:31:24.031276,user19,179.189.181.117,US,login,success,user
2026-03-25 21:41:24.031276,user8,121.181.27.14,US,login,success,user
2026-03-25 21:52:24.031276,user11,65.130.29.22,US,login,failed,user
2026-03-25 22:00:24.031276,user5,191.160.44.164,US,login,success,user
2026-03-25 22:08:24.031276,user3,167.67.26.127,CA,login,success,user
2026-03-25 22:18:24.031276,user3,63.172.16.67,US,login,success,user
2026-03-25 22:23:24.031276,user16,114.205.70.203,US,login,success,user
2026-03-25 22:38:24.031276,user9,160.157.211.235,CA,login,success,user
2026-03-25 22:40:24.031276,user4,104.221.243.7,US,login,success,user
2026-03-25 22:47:24.031276,user14,15.214.129.84,US,login,success,user
2026-03-25 22:49:24.031276,user2,123.164.130.237,US,login,success,user
2026-03-25 22:58:24.031276,user1,83.252.107.77,IN,login,success,user
2026-03-25 23:01:24.031276,admin2,145.253.142.16,US,login,failed,admin
2026-03-25 23:11:24.031276,user5,28.165.74.82,US,login,success,user
2026-03-25 23:17:24.031276,user11,183.236.119.61,US,login,success,user
2026-03-25 23:28:24.031276,user16,22.114.79.214,US,login,success,user
2026-03-25 23:42:24.031276,user8,128.255.193.19,US,login,success,user
2026-03-25 23:55:24.031276,user2,166.5.96.68,US,login,success,user
2026-03-25 23:56:24.031276,user7,187.140.38.227,US,login,success,user
2026-03-26 00:05:24.031276,user14,98.81.128.171,US,login,success,user
2026-03-26 00:09:24.031276,user16,103.240.18.138,US,login,failed,user
2026-03-26 00:19:24.031276,user18,180.84.225.108,CA,login,success,user
2026-03-26 00:25:24.031276,user12,121.214.236.187,US,login,success,user
2026-03-26 00:28:24.031276,admin2,135.251.61.153,US,login,failed,admin
2026-03-26 00:37:24.031276,admin2,158.200.227.8,US,login,success,admin
2026-03-26 00:40:24.031276,user14,74.187.104.166,US,login,success,user
2026-03-26 00:46:24.031276,admin2,204.15.63.160,US,login,success,admin
2026-03-26 00:59:24.031276,user3,24.45.118.68,US,login,success,user
2026-03-26 01:07:24.031276,admin2,14.211.54.251,US,login,failed,admin
2026-03-26 01:20:24.031276,user19,130.252.159.103,US,login,success,user
2026-03-26 01:24:24.031276,user16,205.92.11.242,UK,login,success,user
2026-03-26 01:28:24.031276,user19,177.76.16.145,IN,login,success,user
2026-03-26 01:36:24.031276,user14,136.186.123.133,US,login,success,user
2026-03-26 01:50:24.031276,admin2,107.168.96.73,US,login,success,admin
2026-03-26 02:00:24.031276,user19,122.133.62.59,US,login,success,user
2026-03-26 02:05:24.031276,user14,215.226.91.248,UK,login,success,user
2026-03-26 02:14:24.031276,user9,59.6.81.17,US,login,success,user
2026-03-26 02:22:24.031276,admin1,145.97.191.252,US,login,success,admin
2026-03-26 02:37:24.031276,user4,200.88.199.0,US,login,success,user
2026-03-26 02:49:24.031276,user16,147.43.121.93,CA,login,success,user
2026-03-26 02:51:24.031276,user7,202.143.100.66,US,login,success,user
2026-03-26 03:06:24.031276,user17,156.188.137.91,US,login,failed,user
2026-03-26 03:17:24.031276,user4,106.101.33.147,UK,login,success,user
2026-03-26 03:24:24.031276,user14,135.190.0.208,US,login,success,user
2026-03-26 03:37:24.031276,user9,182.241.17.40,US,login,success,user
2026-03-26 03:40:24.031276,user2,17.85.197.51,US,login,success,user
2026-03-26 03:55:24.031276,user5,218.218.213.177,US,login,success,user
2026-03-26 04:00:24.031276,user12,129.70.33.10,US,login,failed,user
2026-03-26 04:08:24.031276,user11,81.197.160.42,UK,login,success,user
2026-03-26 04:12:24.031276,user10,200.215.199.96,US,login,success,user
2026-03-26 04:23:24.031276,user8,16.0.252.165,US,login,success,user
2026-03-26 04:26:24.031276,user19,150.13.126.149,CA,login,success,user
2026-03-26 04:31:24.031276,user15,220.54.246.163,CA,login,success,user
2026-03-26 04:45:24.031276,user16,176.18.96.242,US,login,success,user
2026-03-26 04:51:24.031276,user11,122.240.255.247,CA,login,success,user
2026-03-26 04:57:24.031276,user14,83.70.14.243,US,login,success,user
2026-03-26 05:08:24.031276,user4,7.0.158.61,CA,login,success,user
2026-03-26 05:14:24.031276,user11,195.76.39.69,US,login,success,user
2026-03-26 05:25:24.031276,user10,151.245.125.8,UK,login,failed,user
2026-03-26 05:38:24.031276,user3,222.118.72.156,US,login,success,user
2026-03-26 05:48:24.031276,user6,212.114.254.58,US,login,success,user
2026-03-26 05:57:24.031276,admin2,76.45.50.130,US,login,success,admin
2026-03-26 06:08:24.031276,user19,114.165.213.93,US,login,success,user
2026-03-26 06:11:24.031276,admin1,213.243.13.68,UK,login,success,admin
2026-03-26 06:20:24.031276,admin2,112.184.226.129,US,login,success,admin
2026-03-26 06:31:24.031276,user17,4.249.161.252,US,login,failed,user
2026-03-26 06:41:24.031276,admin2,200.228.168.36,US,login,success,admin
2026-03-26 06:51:24.031276,user3,185.100.219.76,US,login,success,user
2026-03-26 06:58:24.031276,user6,77.252.81.65,US,login,success,user
2026-03-26 07:08:24.031276,user16,1.227.232.110,CA,login,success,user
2026-03-26 07:19:24.031276,user10,141.113.65.241,US,login,success,user
2026-03-26 07:29:24.031276,user6,198.34.79.124,CA,login,success,user
2026-03-26 07:38:24.031276,user9,36.125.217.169,US,login,success,user
2026-03-26 07:40:24.031276,user13,204.198.131.45,US,login,success,user
2026-03-26 07:51:24.031276,user1,75.183.237.140,US,login,success,user
2026-03-26 07:59:24.031276,user14,45.185.186.87,US,login,success,user
2026-03-26 08:11:24.031276,user6,182.13.251.63,US,login,success,user
2026-03-26 08:19:24.031276,user4,61.76.48.29,US,login,success,user
2026-03-26 08:29:24.031276,user5,179.232.227.69,US,login,success,user
2026-03-26 08:38:24.031276,user4,106.70.98.2,US,login,failed,user
2026-03-26 08:44:24.031276,admin2,25.111.182.17,CA,login,success,admin
2026-03-26 08:52:24.031276,user8,106.194.108.202,US,login,success,user
2026-03-26 08:58:24.031276,user13,28.36.77.183,US,login,failed,user
2026-03-26 09:03:24.031276,user7,178.93.225.47,US,login,success,user
2026-03-26 09:16:24.031276,user18,125.84.173.51,US,login,success,user
2026-03-26 09:24:24.031276,user3,53.50.155.179,US,login,success,user
2026-03-26 09:35:24.031276,user12,152.95.217.96,US,login,success,user
2026-03-26 09:44:24.031276,user16,168.220.24.134,US,login,failed,user
2026-03-26 09:53:24.031276,user18,181.76.68.194,US,login,success,user
2026-03-26 09:58:24.031276,user14,175.174.103.170,US,login,success,user
2026-03-26 10:12:24.031276,user7,169.63.124.140,US,login,success,user
2026-03-26 10:24:24.031276,user11,209.68.226.43,US,login,success,user
2026-03-26 10:34:24.031276,user6,208.25.88.34,US,login,success,user
2026-03-26 10:38:24.031276,user15,122.138.192.11,CA,login,success,user
2026-03-26 10:45:24.031276,user12,137.91.142.234,DE,login,success,user
2026-03-26 11:00:24.031276,user7,167.224.142.123,US,login,success,user
2026-03-26 11:09:24.031276,user12,125.78.91.126,US,login,success,user
2026-03-26 11:24:24.031276,user14,112.23.179.241,US,login,success,user
2026-03-26 11:27:24.031276,user5,125.174.40.121,US,login,failed,user
2026-03-26 11:40:24.031276,admin2,96.250.153.78,US,login,success,admin
2026-03-26 11:50:24.031276,user6,92.200.26.73,US,login,success,user
2026-03-26 11:56:24.031276,user3,40.164.169.124,US,login,success,user
2026-03-26 12:09:24.031276,user3,170.230.166.59,US,login,success,user
2026-03-26 12:14:24.031276,user1,128.150.183.15,US,login,success,user
2026-03-26 12:25:24.031276,user10,104.234.19.68,US,login,success,user
2026-03-26 12:28:24.031276,user18,70.224.119.44,US,login,success,user
2026-03-26 12:32:24.031276,admin1,162.210.117.230,US,login,success,admin
2026-03-26 12:38:24.031276,user9,13.175.122.211,US,login,success,user
2026-03-26 12:53:24.031276,user13,35.251.5.87,US,login,success,user
2026-03-26 12:54:24.031276,admin2,7.153.235.133,US,login,success,admin
2026-03-26 12:59:24.031276,admin1,152.33.164.137,US,login,success,admin
2026-03-26 13:01:24.031276,user10,58.164.103.96,US,login,success,user
2026-03-26 13:09:24.031276,user3,32.193.204.60,UK,login,success,user
2026-03-26 13:15:24.031276,user16,20.88.101.103,US,login,success,user
2026-03-26 13:25:24.031276,user9,123.241.148.42,US,login,success,user
2026-03-26 13:32:24.031276,user4,11.67.90.35,US,login,success,user
2026-03-26 13:38:24.031276,user13,153.26.59.18,US,login,success,user
2026-03-26 13:51:24.031276,user6,83.198.194.6,US,login,success,user
2026-03-26 13:58:24.031276,user2,99.136.69.188,US,login,success,user
2026-03-26 14:09:24.031276,user14,54.235.162.241,US,login,success,user
2026-03-26 14:15:24.031276,user4,5.5.116.95,IN,login,success,user
2026-03-26 14:21:24.031276,user18,121.149.163.156,US,login,success,user
2026-03-26 14:31:24.031276,user13,206.76.38.248,US,login,success,user
2026-03-26 14:44:24.031276,user7,45.62.134.203,US,login,success,user
2026-03-26 14:53:24.031276,user13,60.24.173.29,US,login,success,user
2026-03-26 15:07:24.031276,user10,159.189.56.43,US,login,success,user
2026-03-26 15:14:24.031276,user17,21.153.24.155,US,login,success,user
2026-03-26 15:25:24.031276,user15,134.214.125.7,CA,login,success,user
2026-03-26 15:35:24.031276,admin2,155.218.232.154,US,login,success,admin
2026-03-26 15:36:24.031276,user9,188.225.32.34,US,login,success,user
2026-03-26 15:51:24.031276,user10,13.101.149.38,US,login,success,user
2026-03-26 16:06:24.031276,user12,14.5.176.241,US,login,success,user
2026-03-26 16:20:24.031276,user13,68.249.79.53,US,login,success,user
2026-03-26 16:34:24.031276,user6,209.120.52.180,US,login,success,user
2026-03-26 16:36:24.031276,user7,59.231.62.148,CA,login,success,user
2026-03-26 16:41:24.031276,user12,165.174.178.77,US,login,success,user
2026-03-26 16:43:24.031276,user11,6.34.198.232,US,login,success,user
2026-03-26 16:49:24.031276,user8,213.162.173.227,US,login,success,user
2026-03-26 16:54:24.031276,user9,102.159.138.187,US,login,success,user
2026-03-26 17:04:24.031276,user15,128.247.118.114,US,login,success,user
2026-03-26 17:16:24.031276,user13,67.47.226.40,US,login,success,user
2026-03-26 17:27:24.031276,user4,10.84.49.250,US,login,success,user
2026-03-26 17:39:24.031276,user11,43.50.63.183,US,login,failed,user
2026-03-26 17:44:24.031276,user13,106.141.66.198,IN,login,success,user
2026-03-26 17:56:24.031276,user15,86.241.124.76,US,login,success,user
2026-03-26 18:05:24.031276,user1,159.142.13.6,CA,login,success,user
2026-03-26 18:14:24.031276,user11,175.201.132.242,US,login,success,user
2026-03-26 18:27:24.031276,user15,84.33.175.179,US,login,success,user
2026-03-26 18:35:24.031276,user5,171.136.118.170,US,login,success,user
2026-03-26 18:50:24.031276,user9,192.33.130.141,US,login,success,user
2026-03-26 19:00:24.031276,user2,159.46.196.207,US,login,success,user
2026-03-26 19:05:24.031276,user16,149.43.133.133,US,login,success,user
2026-03-26 19:06:24.031276,user17,156.161.164.55,IN,login,success,user
2026-03-26 19:13:24.031276,user15,182.210.25.164,US,login,success,user
2026-03-26 19:15:24.031276,user17,71.18.224.73,CA,login,success,user
2026-03-26 19:21:24.031276,user10,6.117.158.77,US,login,failed,user
2026-03-26 19:33:24.031276,user16,44.218.230.162,UK,login,success,user
2026-03-26 19:46:24.031276,user4,84.95.248.81,US,login,success,user
2026-03-26 19:51:24.031276,user14,214.27.179.111,US,login,success,user
2026-03-26 19:56:24.031276,user10,17.228.42.46,US,login,success,user
2026-03-26 20:01:24.031276,user17,163.110.216.233,US,login,success,user
2026-03-26 20:14:24.031276,user19,16.168.190.70,US,login,success,user
2026-03-26 20:15:24.031276,user2,141.195.135.116,US,login,success,user
2026-03-26 20:25:24.031276,user16,150.123.211.237,US,login,success,user
2026-03-26 20:39:24.031276,user12,3.246.0.46,US,login,success,user
2026-03-26 20:42:24.031276,user6,163.182.201.72,US,login,success,user
2026-03-26 20:56:24.031276,user12,178.254.130.218,UK,login,success,user
2026-03-26 21:09:24.031276,user14,30.214.27.97,US,login,success,user
2026-03-26 21:11:24.031276,user18,97.58.44.205,US,login,success,user
2026-03-26 21:23:24.031276,user18,23.82.159.188,US,login,success,user
2026-03-26 21:32:24.031276,user8,35.135.234.206,US,login,success,user
2026-03-26 21:45:24.031276,user15,211.48.182.1,DE,login,success,user
2026-03-26 22:00:24.031276,user9,46.63.119.240,US,login,success,user
2026-03-26 22:14:24.031276,user10,161.93.182.193,US,login,success,user
2026-03-26 22:16:24.031276,user8,96.205.123.136,CA,login,success,user
2026-03-26 22:29:24.031276,user9,28.230.175.141,US,login,success,user
2026-03-26 22:41:24.031276,admin2,213.22.249.34,US,login,success,admin
2026-03-26 22:52:24.031276,user7,194.179.252.246,US,login,success,user
2026-03-26 23:07:24.031276,user16,186.36.245.80,CA,login,success,user
2026-03-26 23:09:24.031276,user1,83.16.133.138,IN,login,success,user
2026-03-26 23:18:24.031276,user6,112.212.40.106,IN,login,success,user
2026-03-26 23:20:24.031276,user2,177.91.146.219,US,login,failed,user
2026-03-26 23:24:24.031276,user1,38.35.237.57,US,login,success,user
2026-03-26 23:28:24.031276,user12,165.144.204.243,US,login,success,user
2026-03-26 23:37:24.031276,admin1,57.79.129.16,US,login,success,admin
2026-03-26 23:51:24.031276,user18,18.246.169.33,UK,login,success,user
2026-03-26 23:52:24.031276,user4,139.184.8.112,US,login,success,user
2026-03-26 23:54:24.031276,user2,164.244.236.216,US,login,success,user
2026-03-27 00:01:24.031276,user6,169.174.32.190,US,login,success,user
2026-03-27 00:03:24.031276,user18,58.12.239.109,UK,login,success,user
2026-03-27 00:17:24.031276,user15,89.249.187.111,US,login,failed,user
2026-03-27 00:26:24.031276,user13,115.159.247.142,UK,login,success,user
2026-03-27 00:40:24.031276,user15,207.217.48.51,US,login,success,user
2026-03-27 00:53:24.031276,user3,134.8.4.22,US,login,success,user
2026-03-27 01:00:24.031276,user1,155.103.9.63,US,login,success,user
2026-03-27 01:05:24.031276,user14,158.106.195.20,US,login,success,user
2026-03-27 01:14:24.031276,admin1,178.166.65.37,US,login,success,admin
2026-03-27 01:28:24.031276,user17,94.203.233.28,US,login,success,user
2026-03-27 01:37:24.031276,user19,111.218.245.152,US,login,success,user
2026-03-27 01:49:24.031276,admin2,122.125.202.12,US,login,success,admin
2026-03-27 02:04:24.031276,user18,18.228.189.227,US,login,success,user
2026-03-27 02:06:24.031276,user1,81.0.219.190,US,login,success,user
2026-03-27 02:11:24.031276,user17,63.81.225.251,US,login,success,user
2026-03-27 02:16:24.031276,user15,40.220.59.222,CA,login,success,user
2026-03-27 02:18:24.031276,user8,38.14.29.160,US,login,success,user
2026-03-27 02:26:24.031276,user1,25.34.244.231,US,login,success,user
2026-03-27 02:33:24.031276,user18,58.88.175.25,US,login,success,user
2026-03-27 02:41:24.031276,user17,51.146.198.155,US,login,success,user
2026-03-27 02:53:24.031276,user14,3.185.104.187,US,login,success,user
2026-03-27 03:04:24.031276,user17,116.169.150.20,IN,login,success,user
2026-03-27 03:10:24.031276,user19,69.93.73.191,US,login,failed,user
2026-03-27 03:24:24.031276,user14,223.199.16.14,US,login,success,user
2026-03-27 03:35:24.031276,user14,108.107.138.153,UK,login,success,user
2026-03-27 03:43:24.031276,user10,186.225.19.194,UK,login,success,user
2026-03-27 03:57:24.031276,user11,182.63.170.70,US,login,success,user
2026-03-27 04:02:24.031276,user12,16.118.66.59,US,login,success,user
2026-03-27 04:10:24.031276,user8,79.49.173.192,US,login,success,user
2026-03-27 04:23:24.031276,user18,110.207.217.171,CA,login,success,user
2026-03-27 04:34:24.031276,user8,72.95.90.17,US,login,success,user
2026-03-27 04:48:24.031276,user4,7.122.151.47,CA,login,success,user
2026-03-27 05:01:24.031276,admin2,68.28.253.242,IN,login,failed,admin
2026-03-27 05:03:24.031276,user12,31.98.13.193,US,login,success,user
2026-03-27 05:04:24.031276,user14,147.156.58.50,US,login,success,user
2026-03-27 05:07:24.031276,user16,76.132.128.94,US,login,success,user
2026-03-27 05:22:24.031276,user2,143.73.209.74,US,login,success,user
2026-03-27 05:25:24.031276,user2,207.62.136.184,US,login,success,user
2026-03-27 05:38:24.031276,user9,65.151.101.156,IN,login,success,user
2026-03-27 05:44:24.031276,user5,223.152.155.218,US,login,success,user
2026-03-27 05:56:24.031276,user6,191.44.14.99,US,login,success,user
2026-03-27 06:00:24.031276,admin2,104.117.43.242,US,login,success,admin
2026-03-27 06:02:24.031276,admin2,53.21.96.167,US,login,success,admin
2026-03-27 06:09:24.031276,user4,206.17.141.149,US,login,success,user
2026-03-27 06:15:24.031276,user8,10.246.253.175,US,login,success,user
2026-03-27 06:21:24.031276,user13,17.249.61.172,US,login,failed,user
2026-03-27 06:34:24.031276,admin2,20.43.47.61,US,login,success,admin
2026-03-27 06:38:24.031276,user2,95.168.28.69,US,login,success,user
2026-03-27 06:46:24.031276,user17,94.94.100.129,US,login,success,user
2026-03-27 06:54:24.031276,user4,88.184.169.199,US,login,success,user
2026-03-27 06:58:24.031276,user14,74.176.106.148,US,login,failed,user
2026-03-27 07:11:24.031276,user13,87.213.117.131,US,login,success,user
2026-03-27 07:20:24.031276,user12,182.186.50.205,US,login,success,user
2026-03-27 07:34:24.031276,user5,27.26.43.117,US,login,success,user
2026-03-27 07:36:24.031276,user6,219.16.238.97,US,login,success,user
2026-03-27 07:46:24.031276,user2,9.159.9.88,US,login,success,user
2026-03-27 08:00:24.031276,user2,128.23.203.206,IN,login,success,user
2026-03-27 08:11:24.031276,user3,70.1.157.106,US,login,success,user
2026-03-27 08:26:24.031276,user5,57.176.127.117,US,login,success,user
2026-03-27 08:41:24.031276,user11,99.166.138.121,IN,login,success,user
2026-03-27 08:56:24.031276,user17,17.132.116.85,US,login,success,user
2026-03-27 09:06:24.031276,user3,44.214.227.228,US,login,success,user
2026-03-27 09:14:24.031276,admin1,219.229.248.127,US,login,success,admin
2026-03-27 09:24:24.031276,user15,25.112.127.98,US,login,success,user
2026-03-27 09:27:24.031276,user14,27.110.235.130,US,login,success,user
2026-03-27 09:29:24.031276,user14,47.199.251.105,US,login,success,user
2026-03-27 09:39:24.031276,user9,20.155.102.60,CA,login,failed,user
2026-03-27 09:54:24.031276,user13,15.11.4.122,US,login,success,user
2026-03-27 09:59:24.031276,user13,33.99.218.132,CA,login,success,user
2026-03-27 10:09:24.031276,admin2,37.186.219.252,US,login,success,admin
2026-03-27 10:24:24.031276,user5,89.250.110.175,US,login,success,user
2026-03-27 10:26:24.031276,user6,203.55.231.23,US,login,failed,user
2026-03-27 10:30:24.031276,user3,152.39.159.244,US,login,success,user
2026-03-27 10:32:24.031276,admin1,194.226.71.203,US,login,success,admin
2026-03-27 10:35:24.031276,user4,202.125.153.19,US,login,success,user
2026-03-27 10:41:24.031276,user1,62.176.203.49,US,login,success,user
2026-03-27 10:50:24.031276,user13,81.191.22.11,US,login,success,user
2026-03-27 10:58:24.031276,user7,196.202.66.185,US,login,failed,user
2026-03-27 11:06:24.031276,user17,140.225.104.247,US,login,success,user
2026-03-27 11:15:24.031276,user1,174.130.32.129,US,login,success,user
2026-03-27 11:21:24.031276,user5,41.122.232.199,US,login,success,user
2026-03-27 11:22:24.031276,user12,179.53.197.234,US,login,success,user
2026-03-27 11:30:24.031276,user19,184.7.11.5,US,login,failed,user
2026-03-27 11:34:24.031276,user8,149.176.169.122,IN,login,failed,user
2026-03-27 11:46:24.031276,user9,204.134.13.116,US,login,success,user
2026-03-27 12:01:24.031276,user5,23.254.88.181,DE,login,success,user
2026-03-27 12:15:24.031276,user5,175.229.191.223,US,login,success,user
2026-03-27 12:30:24.031276,admin2,179.240.100.238,US,login,success,admin
2026-03-27 12:45:24.031276,user7,210.137.228.240,US,login,failed,user
2026-03-27 12:54:24.031276,user6,162.9.107.170,US,login,success,user
2026-03-27 13:07:24.031276,user7,176.233.61.35,US,login,success,user
2026-03-27 13:14:24.031276,user18,61.167.21.48,US,login,success,user
2026-03-27 13:18:24.031276,user1,19.161.175.226,US,login,success,user
2026-03-27 13:32:24.031276,user1,33.44.250.233,US,login,success,user
2026-03-27 13:43:24.031276,user8,214.134.140.127,US,login,success,user
2026-03-27 13:45:24.031276,user3,65.184.134.230,US,login,success,user
2026-03-27 13:59:24.031276,user10,30.71.59.67,IN,login,success,user
2026-03-27 14:03:24.031276,admin1,146.42.211.13,US,login,success,admin
2026-03-27 14:16:24.031276,user9,7.118.34.96,US,login,success,user
2026-03-27 14:29:24.031276,user13,189.4.86.107,US,login,success,user
2026-03-27 14:41:24.031276,user5,150.171.250.233,US,login,success,user
2026-03-27 14:42:24.031276,user16,151.29.14.81,US,login,success,user
2026-03-27 14:52:24.031276,user5,170.38.138.249,US,login,success,user
2026-03-27 14:55:24.031276,user10,161.160.249.116,US,login,success,user
2026-03-27 15:00:24.031276,user3,96.200.52.30,US,login,failed,user
2026-03-27 15:01:24.031276,user17,168.171.169.29,US,login,success,user
2026-03-27 15:06:24.031276,user10,119.199.143.51,US,login,success,user
2026-03-27 15:16:24.031276,user6,58.224.160.65,US,login,success,user
2026-03-27 15:31:24.031276,user1,91.136.135.117,US,login,success,user
2026-03-27 15:34:24.031276,user9,80.103.74.52,US,login,success,user
2026-03-27 15:40:24.031276,user14,2.22.18.236,US,login,success,user
2026-03-27 15:44:24.031276,user9,179.164.58.63,US,login,success,user
2026-03-27 15:47:24.031276,user15,222.188.195.47,UK,login,failed,user
2026-03-27 15:55:24.031276,user18,192.206.57.60,US,login,success,user
2026-03-27 16:07:24.031276,user5,60.216.37.52,US,login,success,user
2026-03-27 16:12:24.031276,user17,32.70.29.136,CA,login,failed,user
2026-03-27 16:17:24.031276,user4,205.222.112.150,US,login,success,user
2026-03-27 16:31:24.031276,user13,146.189.27.133,US,login,success,user
2026-03-27 16:39:24.031276,admin1,140.31.128.161,US,login,success,admin
2026-03-27 16:41:24.031276,user12,199.145.229.228,IN,login,success,user
2026-03-27 16:56:24.031276,user11,159.159.86.46,CA,login,failed,user
2026-03-27 17:08:24.031276,user8,208.249.159.193,US,login,success,user
2026-03-27 17:23:24.031276,user2,86.203.248.76,US,login,success,user
2026-03-27 17:31:24.031276,user14,128.125.125.107,UK,login,success,user
2026-03-27 17:33:24.031276,admin1,27.131.128.194,UK,login,success,admin
2026-03-27 17:45:24.031276,user13,202.135.205.157,US,login,success,user
2026-03-27 17:57:24.031276,user14,54.15.20.23,US,login,success,user
2026-03-27 18:03:24.031276,admin1,68.21.76.144,US,login,failed,admin
2026-03-27 18:10:24.031276,user5,40.47.130.178,US,login,success,user
2026-03-27 18:11:24.031276,user1,13.124.68.218,US,login,success,user
2026-03-27 18:12:24.031276,user13,106.180.57.194,US,login,success,user
2026-03-27 18:16:24.031276,user13,15.70.70.100,UK,login,success,user
2026-03-27 18:23:24.031276,user15,3.250.100.47,US,login,success,user
2026-03-27 18:36:24.031276,user18,83.252.236.47,US,login,success,user
2026-03-27 18:43:24.031276,user1,65.214.123.146,US,login,success,user
2026-03-27 18:46:24.031276,admin2,74.14.68.21,US,login,success,admin
2026-03-27 18:51:24.031276,user9,147.179.117.231,US,login,success,user
2026-03-27 18:54:24.031276,user17,62.185.235.92,US,login,success,user
2026-03-27 18:55:24.031276,user17,107.151.26.85,US,login,success,user
2026-03-27 19:07:24.031276,user2,115.177.77.220,CA,login,success,user
2026-03-27 19:09:24.031276,user8,53.29.226.28,US,login,success,user
2026-03-27 19:14:24.031276,user6,221.5.152.162,US,login,failed,user
2026-03-27 19:17:24.031276,user6,141.62.219.232,US,login,success,user
2026-03-27 19:19:24.031276,user2,134.142.20.102,CA,login,success,user
2026-03-27 19:22:24.031276,user7,215.97.66.191,US,login,success,user
2026-03-27 19:34:24.031276,user18,33.43.159.36,US,login,success,user
2026-03-27 19:47:24.031276,admin2,7.53.88.127,US,login,success,admin
2026-03-27 19:52:24.031276,user10,212.3.4.253,US,login,success,user
2026-03-27 20:05:24.031276,user7,33.176.135.124,US,login,success,user
2026-03-27 20:16:24.031276,user14,34.222.153.239,CA,login,success,user
2026-03-27 20:30:24.031276,user19,211.132.251.60,US,login,success,user
2026-03-27 20:33:24.031276,user9,140.163.68.79,US,login,success,user
2026-03-27 20:42:24.031276,user11,69.82.117.141,US,login,success,user
2026-03-27 20:57:24.031276,user7,174.51.148.16,US,login,success,user
2026-03-27 21:06:24.031276,user2,61.237.79.147,US,login,success,user
2026-03-27 21:21:24.031276,user7,142.228.41.61,US,login,success,user
2026-03-27 21:34:24.031276,user3,150.51.42.229,UK,login,success,user
2026-03-27 21:35:24.031276,user18,90.5.14.251,US,login,success,user
2026-03-27 21:46:24.031276,user5,211.1.32.92,US,login,success,user
2026-03-27 21:59:24.031276,user18,116.84.201.25,DE,login,success,user
2026-03-27 22:08:24.031276,user5,121.123.191.52,US,login,success,user
2026-03-27 22:14:24.031276,user4,6.101.6.213,CA,login,failed,user
2026-03-27 22:21:24.031276,user18,31.92.178.245,UK,login,success,user
2026-03-27 22:31:24.031276,user7,206.183.151.254,US,login,success,user
2026-03-27 22:32:24.031276,user12,64.167.228.174,CA,login,success,user
2026-03-27 22:39:24.031276,user3,5.134.117.15,US,login,success,user
2026-03-27 22:54:24.031276,user13,115.178.228.176,US,login,success,user
2026-03-27 23:00:24.031276,user10,88.200.151.228,US,login,success,user
2026-03-27 23:04:24.031276,user2,20.118.55.77,US,login,failed,user
2026-03-27 23:05:24.031276,user5,91.251.108.25,US,login,success,user
2026-03-27 23:10:24.031276,user1,193.178.107.64,IN,login,success,user
2026-03-27 23:18:24.031276,user7,39.226.165.4,US,login,success,user
2026-03-27 23:21:24.031276,user18,34.247.48.24,US,login,success,user
2026-03-27 23:36:24.031276,user7,141.130.110.173,US,login,success,user
2026-03-27 23:47:24.031276,user17,122.219.139.239,US,login,success,user
2026-03-27 23:49:24.031276,user3,135.221.225.15,US,login,success,user
2026-03-28 00:00:24.031276,user2,123.1.100.47,CA,login,success,user
2026-03-28 00:12:24.031276,user9,139.156.118.50,US,login,success,user
2026-03-28 00:24:24.031276,user15,71.148.59.11,US,login,success,user
2026-03-28 00:25:24.031276,user2,180.116.122.197,US,login,success,user
2026-03-28 00:28:24.031276,user14,120.204.23.106,US,login,success,user
2026-03-28 00:40:24.031276,user1,133.104.68.171,US,login,success,user
2026-03-28 00:50:24.031276,user14,183.77.48.185,US,login,success,user
2026-03-28 00:58:24.031276,user5,55.141.201.47,US,login,success,user
2026-03-28 01:09:24.031276,user10,45.87.161.130,US,login,success,user
2026-03-28 01:13:24.031276,user5,93.82.167.194,US,login,success,user
2026-03-28 01:19:24.031276,user3,77.166.163.87,US,login,success,user
2026-03-28 01:23:24.031276,user10,96.122.110.190,DE,login,success,user
2026-03-28 01:31:24.031276,user14,42.77.146.47,US,login,success,user
2026-03-28 01:32:24.031276,user8,197.202.78.54,US,login,success,user
2026-03-28 01:35:24.031276,user4,116.67.11.23,US,login,success,user
2026-03-28 01:40:24.031276,admin2,23.242.34.65,US,login,success,admin
2026-03-28 01:42:24.031276,user5,70.72.12.163,US,login,success,user
2026-03-28 01:51:24.031276,user17,76.178.193.121,US,login,success,user
2026-03-28 01:54:24.031276,user1,71.171.55.201,US,login,success,user
2026-03-28 02:05:24.031276,user5,171.107.113.114,US,login,success,user
2026-03-28 02:19:24.031276,user5,221.214.80.254,US,login,success,user
2026-03-28 02:20:24.031276,user6,190.218.127.6,US,login,success,user
2026-03-28 02:35:24.031276,user17,46.223.79.134,US,login,success,user
2026-03-28 02:37:24.031276,user16,47.152.142.177,US,login,success,user
2026-03-28 02:42:24.031276,user8,121.254.24.252,US,login,failed,user
2026-03-28 02:46:24.031276,user13,71.137.129.23,US,login,success,user
2026-03-28 02:53:24.031276,user17,164.74.20.99,IN,login,success,user
2026-03-28 02:59:24.031276,user16,77.144.11.63,US,login,success,user
2026-03-28 03:10:24.031276,user2,109.80.131.36,US,login,success,user
2026-03-28 03:25:24.031276,user7,111.7.169.23,US,login,success,user
2026-03-28 03:30:24.031276,user5,166.2.15.165,US,login,success,user
2026-03-28 03:39:24.031276,user16,77.82.92.246,US,login,success,user
2026-03-28 03:51:24.031276,user2,156.79.73.237,UK,login,success,user
2026-03-28 04:06:24.031276,user13,68.117.135.85,US,login,success,user
2026-03-28 04:07:24.031276,admin1,73.140.209.187,CA,login,success,admin
2026-03-28 04:09:24.031276,user11,7.56.159.87,US,login,success,user
2026-03-28 04:17:24.031276,user19,126.13.96.112,US,login,success,user
2026-03-28 04:26:24.031276,user6,156.65.116.5,US,login,success,user
2026-03-28 04:32:24.031276,user6,142.69.219.55,US,login,success,user
2026-03-28 04:40:24.031276,user16,27.217.137.81,US,login,success,user
2026-03-28 04:48:24.031276,user14,148.28.146.86,UK,login,failed,user
2026-03-28 04:50:24.031276,admin2,70.148.33.147,US,login,success,admin
2026-03-28 05:01:24.031276,user2,60.166.107.1,US,login,success,user
2026-03-28 05:14:24.031276,user15,86.35.69.120,US,login,success,user
2026-03-28 05:28:24.031276,admin1,160.212.107.229,US,login,success,admin
2026-03-28 05:42:24.031276,user19,10.119.50.132,US,login,success,user
2026-03-28 05:47:24.031276,user6,62.38.129.82,US,login,failed,user
2026-03-28 05:57:24.031276,user7,158.178.248.45,US,login,success,user
2026-03-28 06:09:24.031276,user3,211.196.70.41,US,login,success,user
2026-03-28 06:17:24.031276,user2,168.220.53.57,US,login,success,user
2026-03-28 06:31:24.031276,user14,156.183.192.39,US,login,success,user
2026-03-28 06:33:24.031276,user6,145.182.8.70,US,login,success,user
2026-03-28 06:40:24.031276,user3,114.156.167.85,US,login,success,user
2026-03-28 06:47:24.031276,user9,92.83.8.227,US,login,success,user
2026-03-28 06:57:24.031276,user10,165.235.128.173,US,login,success,user
2026-03-28 06:58:24.031276,user11,8.92.189.62,US,login,success,user
2026-03-28 07:10:24.031276,user6,167.47.110.40,US,login,success,user
2026-03-28 07:16:24.031276,user11,78.127.246.84,US,login,success,user
2026-03-28 07:24:24.031276,user5,135.14.28.135,US,login,success,user
2026-03-28 07:37:24.031276,user4,148.145.186.38,UK,login,success,user
2026-03-28 07:51:24.031276,user18,98.215.193.177,US,login,success,user
2026-03-28 07:53:24.031276,user8,87.73.0.2,US,login,success,user
2026-03-28 07:57:24.031276,user19,58.126.138.67,US,login,success,user
2026-03-28 08:07:24.031276,admin1,109.143.137.114,US,login,failed,admin
2026-03-28 08:08:24.031276,user10,109.16.214.83,US,login,success,user
2026-03-28 08:12:24.031276,user9,195.87.54.155,IN,login,success,user
2026-03-28 08:14:24.031276,admin1,55.114.96.22,DE,login,failed,admin
2026-03-28 08:25:24.031276,user5,115.144.90.244,US,login,success,user
2026-03-28 08:39:24.031276,user19,89.18.183.28,US,login,success,user
2026-03-28 08:51:24.031276,user11,205.33.131.145,US,login,success,user
2026-03-28 08:54:24.031276,user16,48.61.244.40,US,login,failed,user
2026-03-28 08:58:24.031276,user14,124.14.235.251,US,login,success,user
2026-03-28 09:03:24.031276,admin2,88.73.78.48,US,login,success,admin
2026-03-28 09:07:24.031276,user12,141.34.151.1,US,login,success,user
2026-03-28 09:09:24.031276,user15,114.232.95.84,US,login,success,user
2026-03-28 09:18:24.031276,user17,212.98.223.228,US,login,success,user
2026-03-28 09:31:24.031276,user15,47.155.139.60,US,login,success,user
2026-03-28 09:40:24.031276,user11,147.111.204.199,UK,login,failed,user
2026-03-28 09:49:24.031276,user18,42.122.21.243,US,login,success,user
2026-03-28 09:51:24.031276,user16,13.115.137.66,US,login,success,user
2026-03-28 10:00:24.031276,user9,50.27.175.138,US,login,success,user
2026-03-28 10:03:24.031276,user8,95.18.118.17,CA,login,success,user
2026-03-28 10:10:24.031276,user9,124.40.119.179,US,login,success,user
2026-03-28 10:24:24.031276,user5,167.77.194.151,US,login,success,user
2026-03-28 10:34:24.031276,admin1,217.158.93.138,US,login,success,admin
2026-03-28 10:45:24.031276,admin2,9.136.7.124,CA,login,success,admin
2026-03-28 10:55:24.031276,admin1,17.147.86.28,US,login,success,admin
2026-03-28 11:08:24.031276,admin1,128.10.111.202,US,login,success,admin
2026-03-28 11:18:24.031276,user18,1.1.250.149,US,login,success,user
2026-03-28 11:28:24.031276,user18,4.232.237.88,US,login,failed,user
2026-03-28 11:39:24.031276,user7,220.239.24.239,US,login,success,user
2026-03-28 11:52:24.031276,user3,103.214.79.223,US,login,success,user
2026-03-28 12:06:24.031276,user10,44.58.239.214,US,login,success,user
2026-03-28 12:19:24.031276,admin1,40.178.2.64,US,login,success,admin
2026-03-28 12:34:24.031276,admin2,136.31.243.185,US,login,success,admin
2026-03-28 12:44:24.031276,user16,12.7.189.255,US,login,success,user
2026-03-28 12:46:24.031276,user11,6.77.156.224,US,login,success,user
2026-03-28 13:01:24.031276,admin2,102.186.209.170,US,login,success,admin
2026-03-28 13:16:24.031276,user16,18.57.154.166,US,login,failed,user
2026-03-28 13:28:24.031276,user14,158.113.2.57,US,login,success,user
2026-03-28 13:40:24.031276,admin1,200.96.32.30,US,login,success,admin
2026-03-28 13:55:24.031276,user4,171.87.17.182,US,login,success,user
2026-03-28 14:09:24.031276,user11,79.137.150.75,US,login,success,user
2026-03-28 14:13:24.031276,user2,105.179.28.54,US,login,success,user
2026-03-28 14:15:24.031276,user4,179.204.102.199,IN,login,success,user
2026-03-28 14:30:24.031276,user13,162.208.1.154,US,login,success,user
2026-03-28 14:33:24.031276,user9,36.176.143.3,US,login,failed,user
2026-03-28 14:45:24.031276,user8,19.148.142.232,US,login,failed,user
2026-03-28 14:48:24.031276,user19,214.2.190.164,CA,login,success,user
2026-03-28 14:54:24.031276,user13,113.31.153.2,US,login,success,user
2026-03-28 15:00:24.031276,user14,21.92.163.180,US,login,failed,user
2026-03-28 15:03:24.031276,user1,131.94.31.130,US,login,success,user
2026-03-28 15:15:24.031276,user17,207.115.66.111,US,login,success,user
2026-03-28 15:19:24.031276,user8,168.46.252.245,US,login,success,user
2026-03-28 15:22:24.031276,user15,57.147.72.61,US,login,success,user
2026-03-28 15:35:24.031276,user16,168.97.198.118,US,login,success,user
2026-03-28 15:40:24.031276,user5,160.60.17.150,US,login,success,user
2026-03-28 15:46:24.031276,user15,180.215.250.2,US,login,success,user
2026-03-28 16:01:24.031276,user3,176.12.42.67,US,login,success,user
2026-03-28 16:07:24.031276,user18,37.34.134.99,US,login,success,user
2026-03-28 16:11:24.031276,user4,115.220.3.243,CA,login,success,user
2026-03-28 16:26:24.031276,user15,78.36.192.22,US,login,success,user
2026-03-28 16:34:24.031276,admin1,181.254.132.200,US,login,success,admin
2026-03-28 16:44:24.031276,user10,134.163.201.48,US,login,success,user
